id,created_at,updated_at,course_id,place_id,user_id
1,2023-11-28 04:47:43.836123,2023-11-28 04:47:43.836153,,205,1
2,2023-11-28 04:47:51.464408,2023-11-28 04:47:51.464441,,211,1
3,2023-11-28 04:47:52.804366,2023-11-28 04:47:52.804406,,213,1
4,2023-11-28 04:52:42.835696,2023-11-28 04:52:42.835727,,227,1
5,2023-11-28 04:52:49.659241,2023-11-28 04:52:49.659274,,234,1
6,2023-11-28 04:52:55.663374,2023-11-28 04:52:55.663407,,230,1
7,2023-11-28 04:52:56.994728,2023-11-28 04:52:56.994757,,229,1
8,2023-11-28 04:53:04.955364,2023-11-28 04:53:04.955397,,235,1
9,2023-11-28 04:53:44.567770,2023-11-28 04:53:44.567802,,280,1
10,2023-11-28 05:08:58.502915,2023-11-28 05:08:58.502946,,1810,1
11,2023-11-28 05:09:00.637168,2023-11-28 05:09:00.637199,,1821,1
13,2023-11-28 05:09:42.659821,2023-11-28 05:09:42.659852,,1707,1
14,2023-11-28 05:09:43.470892,2023-11-28 05:09:43.470924,,1722,1
15,2023-11-28 05:09:46.430654,2023-11-28 05:09:46.430710,,1797,1
62,2023-11-28 18:12:28.823442,2023-11-28 18:12:28.823473,,207,6
63,2023-11-28 18:36:34.222058,2023-11-28 18:36:34.222098,,133,4
64,2023-11-28 18:36:42.426967,2023-11-28 18:36:42.427004,,182,4
65,2023-11-28 18:37:21.101203,2023-11-28 18:37:21.101239,,631,4
66,2023-11-28 18:37:36.537466,2023-11-28 18:37:36.537502,,687,4
67,2023-11-28 18:38:18.193826,2023-11-28 18:38:18.193857,,1722,4
68,2023-11-29 03:03:20.928176,2023-11-29 03:03:20.928205,,877,4
71,2023-11-29 03:11:36.405022,2023-11-29 03:11:36.405063,,1703,7
72,2023-11-29 03:11:50.908895,2023-11-29 03:11:50.908928,,539,7
73,2023-11-29 03:12:01.469124,2023-11-29 03:12:01.469165,,1514,7
74,2023-11-29 03:12:41.201066,2023-11-29 03:12:41.201097,,1413,7
75,2023-11-29 03:13:16.433064,2023-11-29 03:13:16.433095,,1435,7
76,2023-11-29 03:13:17.693258,2023-11-29 03:13:17.693287,,1436,7
77,2023-11-29 03:14:21.765607,2023-11-29 03:14:21.765655,,784,7
78,2023-11-29 03:14:43.533260,2023-11-29 03:14:43.533290,,824,7
79,2023-11-29 03:18:36.691773,2023-11-29 03:18:36.691803,,5,8
80,2023-11-29 03:18:50.010432,2023-11-29 03:18:50.010464,,19,8
81,2023-11-29 03:19:03.146617,2023-11-29 03:19:03.146647,,692,8
82,2023-11-29 03:19:10.014453,2023-11-29 03:19:10.014488,,782,8
83,2023-11-29 03:19:33.263551,2023-11-29 03:19:33.263579,,1610,8
84,2023-11-29 03:19:39.929343,2023-11-29 03:19:39.929373,,1655,8
85,2023-11-29 03:20:40.402938,2023-11-29 03:20:40.402968,,1444,8
86,2023-11-29 03:20:42.796553,2023-11-29 03:20:42.796584,,1440,8
87,2023-11-29 03:20:46.647636,2023-11-29 03:20:46.647665,,1557,8
88,2023-11-29 03:20:50.239461,2023-11-29 03:20:50.239493,,1707,8
89,2023-11-29 03:20:52.316238,2023-11-29 03:20:52.316272,,1722,8
90,2023-11-29 03:26:24.282531,2023-11-29 03:26:24.282561,,869,8
91,2023-11-29 03:30:01.414428,2023-11-29 03:30:01.414462,,1862,8
92,2023-11-29 03:30:09.309309,2023-11-29 03:30:09.309340,,1861,8
93,2023-11-29 03:33:00.797032,2023-11-29 03:33:00.797063,,876,9
94,2023-11-29 03:33:01.504469,2023-11-29 03:33:01.504498,,414,9
95,2023-11-29 04:53:52.943767,2023-11-29 04:53:52.943801,,936,10
96,2023-11-29 04:54:22.808012,2023-11-29 04:54:22.808043,,1653,10
97,2023-11-29 04:55:11.003246,2023-11-29 04:55:11.003279,,1572,10
98,2023-11-29 06:24:14.154136,2023-11-29 06:24:14.154173,,210,9
99,2023-11-29 06:24:19.745159,2023-11-29 06:24:19.745190,,227,9
100,2023-11-29 06:24:22.557211,2023-11-29 06:24:22.557242,,234,9
101,2023-11-29 06:24:53.101337,2023-11-29 06:24:53.101368,,251,9
102,2023-11-29 06:25:29.716378,2023-11-29 06:25:29.716414,,343,9
103,2023-11-29 06:25:58.205035,2023-11-29 06:25:58.205067,,376,9
104,2023-11-29 06:28:14.193261,2023-11-29 06:28:14.193292,,1777,9
106,2023-11-29 06:29:52.284680,2023-11-29 06:29:52.284710,,1349,9
107,2023-11-29 06:30:09.104036,2023-11-29 06:30:09.104066,,830,9
108,2023-11-29 06:30:11.568552,2023-11-29 06:30:11.568582,,1431,9
109,2023-11-29 06:30:30.038560,2023-11-29 06:30:30.038599,,671,9
111,2023-11-29 06:31:09.952080,2023-11-29 06:31:09.952111,,763,9
112,2023-11-29 06:32:11.829939,2023-11-29 06:32:11.829969,,868,9
113,2023-11-29 06:32:24.525424,2023-11-29 06:32:24.525454,,906,9
116,2023-11-29 06:34:52.533688,2023-11-29 06:34:52.533721,,637,4
117,2023-11-29 06:34:58.446016,2023-11-29 06:34:58.446048,,634,4
118,2023-11-29 06:35:12.546150,2023-11-29 06:35:12.546180,,674,4
119,2023-11-29 06:35:46.932612,2023-11-29 06:35:46.932641,,671,4
120,2023-11-29 06:36:00.556467,2023-11-29 06:36:00.556499,,713,4
121,2023-11-29 06:36:14.705327,2023-11-29 06:36:14.705356,,1557,4
124,2023-11-29 06:38:00.293756,2023-11-29 06:38:00.293793,,1155,7
126,2023-11-29 06:38:06.912579,2023-11-29 06:38:06.912610,,1473,7
128,2023-11-29 06:38:30.613560,2023-11-29 06:38:30.613590,,214,6
129,2023-11-29 06:38:40.088465,2023-11-29 06:38:40.088497,,1127,7
132,2023-11-29 06:49:58.501590,2023-11-29 06:49:58.501623,,211,6
133,2023-11-29 08:56:33.013780,2023-11-29 08:56:33.013812,,1722,11
134,2023-11-29 08:57:06.118127,2023-11-29 08:57:06.118161,,207,11
135,2023-11-29 08:57:10.689390,2023-11-29 08:57:10.689421,,1707,11
136,2023-11-29 08:57:16.681291,2023-11-29 08:57:16.681322,,1797,11
137,2023-11-29 08:57:23.946529,2023-11-29 08:57:23.946561,,230,11
138,2023-11-29 08:58:41.643721,2023-11-29 08:58:41.643751,,1722,12
139,2023-11-29 08:58:45.406275,2023-11-29 08:58:45.406308,,1557,12
140,2023-11-29 08:58:48.359042,2023-11-29 08:58:48.359076,,1797,12
141,2023-11-29 08:58:49.403820,2023-11-29 08:58:49.403852,,234,12
142,2023-11-29 08:58:51.371668,2023-11-29 08:58:51.371700,,280,12
143,2023-11-29 08:58:52.254433,2023-11-29 08:58:52.254466,,1821,12
144,2023-11-29 08:58:59.878876,2023-11-29 08:58:59.878908,,207,12
145,2023-11-29 08:59:01.178675,2023-11-29 08:59:01.178708,,230,12
146,2023-11-29 08:59:03.574338,2023-11-29 08:59:03.574372,,235,12
147,2023-11-29 08:59:06.949586,2023-11-29 08:59:06.949618,,229,12
148,2023-11-29 08:59:07.887930,2023-11-29 08:59:07.887962,,1127,12
149,2023-11-29 09:03:48.105610,2023-11-29 09:03:48.105641,,234,13
150,2023-11-29 09:03:49.714613,2023-11-29 09:03:49.714643,,230,13
151,2023-11-29 09:07:43.651332,2023-11-29 09:07:43.651364,,227,13
152,2023-11-29 09:07:45.583026,2023-11-29 09:07:45.583058,,280,13
153,2023-11-29 09:07:50.822921,2023-11-29 09:07:50.822954,,235,13
154,2023-11-29 09:07:52.772997,2023-11-29 09:07:52.773034,,1797,13
155,2023-11-29 09:07:58.766416,2023-11-29 09:07:58.766448,,1810,13
156,2023-11-29 09:08:01.226774,2023-11-29 09:08:01.226805,,205,13
157,2023-11-29 09:08:08.112941,2023-11-29 09:08:08.112972,,1722,13
158,2023-11-29 09:08:11.841414,2023-11-29 09:08:11.841445,,207,13
159,2023-11-29 09:08:12.671541,2023-11-29 09:08:12.671571,,1821,13
160,2023-11-29 09:08:14.951329,2023-11-29 09:08:14.951360,,1127,13
161,2023-11-29 09:08:39.334439,2023-11-29 09:08:39.334468,,238,14
162,2023-11-29 09:08:48.657437,2023-11-29 09:08:48.657474,,230,16
163,2023-11-29 09:08:52.540041,2023-11-29 09:08:52.540088,,1797,16
164,2023-11-29 09:09:08.962579,2023-11-29 09:09:08.962611,,234,16
165,2023-11-29 09:09:12.248786,2023-11-29 09:09:12.248817,,207,16
166,2023-11-29 09:09:34.039594,2023-11-29 09:09:34.039626,,1625,14
167,2023-11-29 09:10:12.457339,2023-11-29 09:10:12.457369,,1722,15
168,2023-11-29 09:10:14.061915,2023-11-29 09:10:14.061946,,1797,15
169,2023-11-29 09:10:18.946670,2023-11-29 09:10:18.946701,,1625,15
170,2023-11-29 09:10:25.922724,2023-11-29 09:10:25.922755,,12,14
171,2023-11-29 09:10:27.580429,2023-11-29 09:10:27.580458,,1557,15
172,2023-11-29 09:10:36.324961,2023-11-29 09:10:36.324992,,1801,15
175,2023-11-29 09:10:51.926881,2023-11-29 09:10:51.926911,,1033,15
176,2023-11-29 09:10:54.340674,2023-11-29 09:10:54.340706,,1722,17
177,2023-11-29 09:11:01.245554,2023-11-29 09:11:01.245582,,631,17
178,2023-11-29 09:11:02.312308,2023-11-29 09:11:02.312340,,996,14
179,2023-11-29 09:11:06.631517,2023-11-29 09:11:06.631547,,1037,14
180,2023-11-29 09:11:09.916077,2023-11-29 09:11:09.916109,,229,17
181,2023-11-29 09:11:39.689824,2023-11-29 09:11:39.689854,,210,15
182,2023-11-29 09:11:41.592453,2023-11-29 09:11:41.592484,,209,15
183,2023-11-29 09:11:44.949327,2023-11-29 09:11:44.949356,,1722,10
184,2023-11-29 09:11:45.628117,2023-11-29 09:11:45.628146,,216,15
185,2023-11-29 09:11:47.599309,2023-11-29 09:11:47.599338,,230,10
186,2023-11-29 09:11:47.907911,2023-11-29 09:11:47.907938,,1844,16
187,2023-11-29 09:11:58.296759,2023-11-29 09:11:58.296788,,1797,10
188,2023-11-29 09:12:00.768335,2023-11-29 09:12:00.768375,,55,15
189,2023-11-29 09:12:14.957468,2023-11-29 09:12:14.957499,,1722,18
190,2023-11-29 09:12:20.956292,2023-11-29 09:12:20.956322,,15,16
191,2023-11-29 09:12:22.027949,2023-11-29 09:12:22.027978,,207,18
192,2023-11-29 09:12:23.301085,2023-11-29 09:12:23.301116,,230,18
193,2023-11-29 09:12:25.842559,2023-11-29 09:12:25.842589,,1707,18
194,2023-11-29 09:12:34.893368,2023-11-29 09:12:34.893398,,235,18
195,2023-11-29 09:12:35.527110,2023-11-29 09:12:35.527139,,229,18
196,2023-11-29 09:12:39.903731,2023-11-29 09:12:39.903765,,1625,18
197,2023-11-29 09:12:40.234916,2023-11-29 09:12:40.234946,,1797,19
198,2023-11-29 09:12:42.684523,2023-11-29 09:12:42.684552,,205,18
199,2023-11-29 09:12:47.076439,2023-11-29 09:12:47.076471,,1625,19
200,2023-11-29 09:12:48.260427,2023-11-29 09:12:48.260456,,1055,10
201,2023-11-29 09:12:48.772585,2023-11-29 09:12:48.772617,,1707,19
202,2023-11-29 09:12:49.213275,2023-11-29 09:12:49.213305,,211,18
203,2023-11-29 09:12:51.036756,2023-11-29 09:12:51.036785,,1644,10
204,2023-11-29 09:12:53.665713,2023-11-29 09:12:53.665743,,1797,18
205,2023-11-29 09:12:54.087772,2023-11-29 09:12:54.087801,,1722,19
206,2023-11-29 09:12:56.723846,2023-11-29 09:12:56.723876,,210,19
207,2023-11-29 09:13:04.050747,2023-11-29 09:13:04.050779,,1821,19
208,2023-11-29 09:13:11.624346,2023-11-29 09:13:11.624378,,207,19
209,2023-11-29 09:13:21.226928,2023-11-29 09:13:21.226960,,280,19
210,2023-11-29 09:13:22.764777,2023-11-29 09:13:22.764807,,227,19
211,2023-11-29 09:13:25.335852,2023-11-29 09:13:25.335883,,229,19
212,2023-11-29 09:13:34.872572,2023-11-29 09:13:34.872603,,234,19
213,2023-11-29 09:13:46.234882,2023-11-29 09:13:46.234913,,962,16
214,2023-11-29 09:14:06.499676,2023-11-29 09:14:06.499708,,1797,21
215,2023-11-29 09:14:09.277111,2023-11-29 09:14:09.277142,,1722,20
216,2023-11-29 09:14:09.752111,2023-11-29 09:14:09.752143,,1797,20
217,2023-11-29 09:14:12.397101,2023-11-29 09:14:12.397132,,1707,20
218,2023-11-29 09:14:16.224175,2023-11-29 09:14:16.224206,,1625,20
219,2023-11-29 09:14:19.259796,2023-11-29 09:14:19.259827,,1557,20
220,2023-11-29 09:14:19.809552,2023-11-29 09:14:19.809580,,1514,16
229,2023-11-29 09:14:45.293295,2023-11-29 09:14:45.293329,,935,16
230,2023-11-29 09:15:03.238670,2023-11-29 09:15:03.238703,,1625,16
231,2023-11-29 09:15:23.405186,2023-11-29 09:15:23.405217,,1841,16
233,2023-11-29 09:15:32.149738,2023-11-29 09:15:32.149770,,248,21
235,2023-11-29 09:15:53.127778,2023-11-29 09:15:53.127810,,1821,20
236,2023-11-29 09:16:06.782213,2023-11-29 09:16:06.782280,,1801,21
237,2023-11-29 09:16:43.916945,2023-11-29 09:16:43.916981,,1722,22
238,2023-11-29 09:16:51.566851,2023-11-29 09:16:51.566889,,230,22
239,2023-11-29 09:16:52.906998,2023-11-29 09:16:52.907038,,207,22
240,2023-11-29 09:16:54.389077,2023-11-29 09:16:54.389116,,1797,22
241,2023-11-29 09:17:00.918984,2023-11-29 09:17:00.919022,,234,22
242,2023-11-29 09:17:04.430556,2023-11-29 09:17:04.430607,,229,22
243,2023-11-29 09:17:05.645315,2023-11-29 09:17:05.645350,,1821,22
244,2023-11-29 09:17:10.781914,2023-11-29 09:17:10.781950,,235,22
245,2023-11-29 09:17:12.276625,2023-11-29 09:17:12.276660,,227,22
246,2023-11-29 09:17:16.118937,2023-11-29 09:17:16.118975,,1514,22
247,2023-11-29 09:18:41.029562,2023-11-29 09:18:41.029591,,1055,23
248,2023-11-29 09:18:42.110485,2023-11-29 09:18:42.110517,,1297,23
249,2023-11-29 09:18:42.934503,2023-11-29 09:18:42.934533,,1420,23
250,2023-11-29 09:18:43.733045,2023-11-29 09:18:43.733075,,1341,23
251,2023-11-29 09:18:44.429609,2023-11-29 09:18:44.429639,,1644,23
252,2023-11-29 09:18:45.332222,2023-11-29 09:18:45.332252,,1700,23
253,2023-11-29 09:18:46.485942,2023-11-29 09:18:46.485971,,1761,23
254,2023-11-29 09:18:49.366389,2023-11-29 09:18:49.366424,,1810,23
255,2023-11-29 09:18:54.118464,2023-11-29 09:18:54.118493,,1844,23
256,2023-11-29 09:21:18.981633,2023-11-29 09:21:18.981672,,1797,24
257,2023-11-29 09:21:22.408333,2023-11-29 09:21:22.408371,,230,24
258,2023-11-29 09:21:24.892412,2023-11-29 09:21:24.892449,,234,24
259,2023-11-29 09:21:26.819329,2023-11-29 09:21:26.819374,,1625,24
260,2023-11-29 09:21:30.006345,2023-11-29 09:21:30.006386,,235,24
261,2023-11-29 09:21:30.649386,2023-11-29 09:21:30.649416,,227,24
262,2023-11-29 09:21:41.492687,2023-11-29 09:21:41.492725,,205,24
263,2023-11-29 09:21:43.066941,2023-11-29 09:21:43.066978,,211,24
264,2023-11-29 09:21:46.511167,2023-11-29 09:21:46.511209,,1810,24
265,2023-11-29 09:21:54.144109,2023-11-29 09:21:54.144150,,280,24
266,2023-11-29 09:22:40.518433,2023-11-29 09:22:40.518465,,1700,25
267,2023-11-29 09:22:47.860429,2023-11-29 09:22:47.860461,,230,26
268,2023-11-29 09:22:50.921903,2023-11-29 09:22:50.921933,,1797,26
269,2023-11-29 09:22:51.361503,2023-11-29 09:22:51.361535,,1722,26
270,2023-11-29 09:22:53.014494,2023-11-29 09:22:53.014525,,230,26
271,2023-11-29 09:22:53.347285,2023-11-29 09:22:53.347314,,234,26
272,2023-11-29 09:23:01.396299,2023-11-29 09:23:01.396332,,1420,25
273,2023-11-29 09:23:08.753677,2023-11-29 09:23:08.753706,,251,26
274,2023-11-29 09:23:43.402877,2023-11-29 09:23:43.402907,,351,26
275,2023-11-29 09:23:46.261134,2023-11-29 09:23:46.261164,,367,26
276,2023-11-29 09:23:47.338804,2023-11-29 09:23:47.338835,,370,26
277,2023-11-29 09:23:49.759275,2023-11-29 09:23:49.759304,,368,26
278,2023-11-29 09:24:20.011216,2023-11-29 09:24:20.011251,,1676,26
279,2023-11-29 09:24:22.215093,2023-11-29 09:24:22.215125,,1707,26
280,2023-11-29 09:24:25.867729,2023-11-29 09:24:25.867759,,1729,26
281,2023-11-29 09:24:29.876229,2023-11-29 09:24:29.876258,,1853,26
282,2023-11-29 09:24:34.662727,2023-11-29 09:24:34.662757,,1597,26
283,2023-11-29 09:24:37.433143,2023-11-29 09:24:37.433176,,1174,25
285,2023-11-29 09:24:45.043972,2023-11-29 09:24:45.044005,,1660,26
286,2023-11-29 09:24:46.541438,2023-11-29 09:24:46.541469,,1557,26
288,2023-11-29 09:24:57.532785,2023-11-29 09:24:57.532816,,1033,25
289,2023-11-29 09:25:04.973433,2023-11-29 09:25:04.973463,,227,26
290,2023-11-29 09:25:13.946302,2023-11-29 09:25:13.946332,,936,26
291,2023-11-29 09:25:19.200074,2023-11-29 09:25:19.200106,,1625,25
292,2023-11-29 09:25:27.205465,2023-11-29 09:25:27.205495,,4,26
293,2023-11-29 09:25:27.601425,2023-11-29 09:25:27.601456,,6,26
294,2023-11-29 09:25:28.300517,2023-11-29 09:25:28.300547,,5,26
295,2023-11-29 09:25:34.363869,2023-11-29 09:25:34.363901,,1791,25
296,2023-11-29 09:25:57.049887,2023-11-29 09:25:57.049921,,1341,25
297,2023-11-29 09:26:32.911162,2023-11-29 09:26:32.911195,,1230,25
298,2023-11-29 09:27:03.029920,2023-11-29 09:27:03.029954,,1821,25
299,2023-11-29 09:27:41.925710,2023-11-29 09:27:41.925747,,1341,22
300,2023-11-29 09:28:15.399390,2023-11-29 09:28:15.399424,,210,25
301,2023-11-29 09:32:13.436012,2023-11-29 09:32:13.436044,,1797,14
302,2023-11-29 09:32:22.364182,2023-11-29 09:32:22.364212,,1557,14
303,2023-11-29 09:36:27.510068,2023-11-29 09:36:27.510099,,1557,27
304,2023-11-29 09:36:50.686190,2023-11-29 09:36:50.686258,,1797,27
305,2023-11-29 09:36:53.920306,2023-11-29 09:36:53.920339,,1625,27
306,2023-11-29 09:37:15.936631,2023-11-29 09:37:15.936663,,235,27
307,2023-11-29 09:37:19.625478,2023-11-29 09:37:19.625510,,1722,27
308,2023-11-29 09:37:20.496819,2023-11-29 09:37:20.496852,,230,27
309,2023-11-29 09:37:23.750777,2023-11-29 09:37:23.750811,,1821,27
310,2023-11-29 09:37:31.649242,2023-11-29 09:37:31.649275,,280,27
311,2023-11-29 09:37:34.470939,2023-11-29 09:37:34.470970,,210,27
312,2023-11-29 09:37:38.892854,2023-11-29 09:37:38.892886,,1707,27
313,2023-11-29 09:38:40.996309,2023-11-29 09:38:40.996341,,1797,28
314,2023-11-29 09:39:51.801379,2023-11-29 09:39:51.801411,,227,28
315,2023-11-29 09:40:36.373229,2023-11-29 09:40:36.373264,,234,28
316,2023-11-29 09:40:55.783495,2023-11-29 09:40:55.783536,,1171,22
317,2023-11-29 09:40:57.185629,2023-11-29 09:40:57.185666,,1140,22
318,2023-11-29 09:40:58.828569,2023-11-29 09:40:58.828605,,1174,22
319,2023-11-29 09:41:41.212776,2023-11-29 09:41:41.212810,,205,28
320,2023-11-29 09:41:44.735669,2023-11-29 09:41:44.735704,,1801,22
321,2023-11-29 09:42:17.925596,2023-11-29 09:42:17.925630,,1856,22
322,2023-11-29 09:42:20.015756,2023-11-29 09:42:20.015795,,1844,22
323,2023-11-29 09:42:20.661972,2023-11-29 09:42:20.662011,,1846,22
324,2023-11-29 09:42:30.935531,2023-11-29 09:42:30.935565,,962,22
325,2023-11-29 09:42:41.645694,2023-11-29 09:42:41.645728,,15,22
326,2023-11-29 09:43:12.875541,2023-11-29 09:43:12.875575,,1306,22
327,2023-11-29 09:43:17.735513,2023-11-29 09:43:17.735547,,1420,22
328,2023-11-29 09:43:26.985426,2023-11-29 09:43:26.985469,,1761,22
329,2023-11-29 09:44:30.054618,2023-11-29 09:44:30.054656,,632,28
330,2023-11-29 09:44:32.713757,2023-11-29 09:44:32.713789,,685,28
331,2023-11-29 09:44:43.315553,2023-11-29 09:44:43.315587,,898,22
332,2023-11-29 09:44:44.290635,2023-11-29 09:44:44.290667,,903,22
333,2023-11-29 09:44:45.625882,2023-11-29 09:44:45.625916,,906,22
334,2023-11-29 09:44:47.423032,2023-11-29 09:44:47.423064,,814,28
335,2023-11-29 09:44:58.815638,2023-11-29 09:44:58.815673,,1428,22
336,2023-11-29 09:45:20.185877,2023-11-29 09:45:20.185916,,205,22
337,2023-11-29 09:45:27.845420,2023-11-29 09:45:27.845456,,215,22
338,2023-11-29 09:45:28.810562,2023-11-29 09:45:28.810592,,214,22
339,2023-11-29 09:45:40.585810,2023-11-29 09:45:40.585847,,259,22
340,2023-11-29 09:45:44.665651,2023-11-29 09:45:44.665690,,262,22
341,2023-11-29 09:45:59.935645,2023-11-29 09:45:59.935681,,375,22
342,2023-11-29 09:46:16.208356,2023-11-29 09:46:16.208388,,1514,29
343,2023-11-29 09:46:16.935588,2023-11-29 09:46:16.935625,,1064,22
344,2023-11-29 09:46:20.095793,2023-11-29 09:46:20.095831,,1305,22
345,2023-11-29 09:46:22.715797,2023-11-29 09:46:22.715835,,1438,22
346,2023-11-29 09:46:27.065937,2023-11-29 09:46:27.065990,,1660,22
347,2023-11-29 09:46:27.998473,2023-11-29 09:46:27.998502,,653,28
348,2023-11-29 09:46:35.835716,2023-11-29 09:46:35.835752,,1580,22
349,2023-11-29 09:46:40.095701,2023-11-29 09:46:40.095739,,1557,22
350,2023-11-29 09:46:45.846208,2023-11-29 09:46:45.846269,,1797,31
351,2023-11-29 09:46:49.223863,2023-11-29 09:46:49.223902,,1701,22
352,2023-11-29 09:46:56.569518,2023-11-29 09:46:56.569550,,1420,28
353,2023-11-29 09:46:57.199980,2023-11-29 09:46:57.200010,,1625,29
354,2023-11-29 09:47:02.056096,2023-11-29 09:47:02.056137,,1722,31
355,2023-11-29 09:47:02.213474,2023-11-29 09:47:02.213505,,658,22
356,2023-11-29 09:47:03.295749,2023-11-29 09:47:03.295784,,230,31
357,2023-11-29 09:47:04.045799,2023-11-29 09:47:04.045828,,1625,31
358,2023-11-29 09:47:04.475198,2023-11-29 09:47:04.475230,,1557,31
359,2023-11-29 09:47:05.213711,2023-11-29 09:47:05.213747,,657,22
360,2023-11-29 09:47:06.735147,2023-11-29 09:47:06.735183,,1722,30
361,2023-11-29 09:47:07.457558,2023-11-29 09:47:07.457587,,1821,31
362,2023-11-29 09:47:08.176165,2023-11-29 09:47:08.176197,,1797,30
363,2023-11-29 09:47:09.965876,2023-11-29 09:47:09.965916,,662,22
364,2023-11-29 09:47:10.313428,2023-11-29 09:47:10.313457,,205,31
365,2023-11-29 09:47:10.909263,2023-11-29 09:47:10.909295,,280,31
366,2023-11-29 09:47:11.585673,2023-11-29 09:47:11.585704,,1557,30
367,2023-11-29 09:47:12.409479,2023-11-29 09:47:12.409512,,1514,31
368,2023-11-29 09:47:12.977018,2023-11-29 09:47:12.977054,,668,22
369,2023-11-29 09:47:13.420009,2023-11-29 09:47:13.420038,,1810,31
370,2023-11-29 09:47:15.326220,2023-11-29 09:47:15.326295,,1127,31
371,2023-11-29 09:47:18.546327,2023-11-29 09:47:18.546358,,210,30
372,2023-11-29 09:47:26.434949,2023-11-29 09:47:26.434979,,1420,30
373,2023-11-29 09:47:31.708605,2023-11-29 09:47:31.708636,,962,28
374,2023-11-29 09:47:33.694335,2023-11-29 09:47:33.694367,,1707,30
375,2023-11-29 09:47:44.955304,2023-11-29 09:47:44.955338,,1855,22
376,2023-11-29 09:47:47.119893,2023-11-29 09:47:47.119923,,1764,29
377,2023-11-29 09:47:47.415660,2023-11-29 09:47:47.415689,,1514,30
378,2023-11-29 09:47:50.435635,2023-11-29 09:47:50.435672,,1640,22
379,2023-11-29 09:47:52.659426,2023-11-29 09:47:52.659455,,211,30
380,2023-11-29 09:47:57.912393,2023-11-29 09:47:57.912422,,1793,29
381,2023-11-29 09:48:01.746353,2023-11-29 09:48:01.746383,,227,30
382,2023-11-29 09:48:08.871799,2023-11-29 09:48:08.871830,,207,30
383,2023-11-29 09:48:15.892652,2023-11-29 09:48:15.892687,,1877,29
384,2023-11-29 09:48:23.075789,2023-11-29 09:48:23.075827,,707,22
385,2023-11-29 09:48:24.503068,2023-11-29 09:48:24.503099,,936,28
386,2023-11-29 09:48:48.465833,2023-11-29 09:48:48.465870,,632,22
387,2023-11-29 09:48:58.685676,2023-11-29 09:48:58.685708,,25,22
388,2023-11-29 09:49:09.955792,2023-11-29 09:49:09.955832,,866,22
389,2023-11-29 09:49:15.775805,2023-11-29 09:49:15.775842,,929,22
390,2023-11-29 09:49:20.465458,2023-11-29 09:49:20.465492,,966,22
391,2023-11-29 09:49:27.463565,2023-11-29 09:49:27.463595,,216,28
392,2023-11-29 09:49:41.255561,2023-11-29 09:49:41.255595,,996,22
393,2023-11-29 09:49:55.015574,2023-11-29 09:49:55.015606,,251,28
394,2023-11-29 09:50:23.075864,2023-11-29 09:50:23.075905,,35,22
395,2023-11-29 09:50:29.559855,2023-11-29 09:50:29.559888,,307,28
396,2023-11-29 09:50:31.858197,2023-11-29 09:50:31.858261,,245,29
397,2023-11-29 09:50:39.512771,2023-11-29 09:50:39.512803,,319,28
398,2023-11-29 09:50:47.180014,2023-11-29 09:50:47.180044,,324,28
399,2023-11-29 09:50:49.215814,2023-11-29 09:50:49.215851,,671,22
400,2023-11-29 09:51:02.695690,2023-11-29 09:51:02.695727,,744,22
401,2023-11-29 09:51:03.641719,2023-11-29 09:51:03.641752,,734,22
402,2023-11-29 09:51:16.295634,2023-11-29 09:51:16.295667,,789,22
403,2023-11-29 09:51:22.280409,2023-11-29 09:51:22.280438,,478,29
404,2023-11-29 09:51:26.635657,2023-11-29 09:51:26.635691,,830,22
405,2023-11-29 09:51:44.255732,2023-11-29 09:51:44.255767,,924,22
406,2023-11-29 09:51:44.589162,2023-11-29 09:51:44.589192,,41,28
407,2023-11-29 09:51:48.215559,2023-11-29 09:51:48.215593,,928,22
408,2023-11-29 09:51:58.588352,2023-11-29 09:51:58.588381,,990,29
409,2023-11-29 09:51:58.902442,2023-11-29 09:51:58.902472,,1715,22
410,2023-11-29 09:52:20.382900,2023-11-29 09:52:20.382931,,1188,29
411,2023-11-29 09:52:21.623638,2023-11-29 09:52:21.623670,,1473,22
412,2023-11-29 09:52:25.978663,2023-11-29 09:52:25.978696,,687,28
413,2023-11-29 09:52:37.033645,2023-11-29 09:52:37.033678,,658,28
414,2023-11-29 09:52:50.185720,2023-11-29 09:52:50.185753,,714,32
415,2023-11-29 09:53:02.226057,2023-11-29 09:53:02.226092,,1797,32
416,2023-11-29 09:53:17.519635,2023-11-29 09:53:17.519667,,210,32
417,2023-11-29 09:53:24.220235,2023-11-29 09:53:24.220264,,1002,29
418,2023-11-29 09:53:27.080825,2023-11-29 09:53:27.080858,,755,28
419,2023-11-29 09:54:03.842003,2023-11-29 09:54:03.842033,,645,33
422,2023-11-29 09:54:09.943686,2023-11-29 09:54:09.943719,,635,32
424,2023-11-29 09:54:16.194931,2023-11-29 09:54:16.194962,,655,33
425,2023-11-29 09:54:19.033579,2023-11-29 09:54:19.033608,,657,33
426,2023-11-29 09:54:20.989712,2023-11-29 09:54:20.989743,,661,33
427,2023-11-29 09:54:22.485713,2023-11-29 09:54:22.485746,,662,33
428,2023-11-29 09:54:24.346815,2023-11-29 09:54:24.346848,,669,33
429,2023-11-29 09:54:24.782612,2023-11-29 09:54:24.782641,,1797,34
430,2023-11-29 09:54:26.707218,2023-11-29 09:54:26.707248,,1557,29
431,2023-11-29 09:54:27.197722,2023-11-29 09:54:27.197750,,234,34
432,2023-11-29 09:54:28.603572,2023-11-29 09:54:28.603601,,691,33
433,2023-11-29 09:54:30.386810,2023-11-29 09:54:30.386842,,707,33
434,2023-11-29 09:54:34.827151,2023-11-29 09:54:34.827179,,742,33
435,2023-11-29 09:54:42.699040,2023-11-29 09:54:42.699070,,1033,20
436,2023-11-29 09:54:45.856233,2023-11-29 09:54:45.856267,,235,34
437,2023-11-29 09:54:50.579548,2023-11-29 09:54:50.579579,,1514,34
438,2023-11-29 09:54:54.026285,2023-11-29 09:54:54.026318,,1722,34
439,2023-11-29 09:54:54.883378,2023-11-29 09:54:54.883410,,230,34
440,2023-11-29 09:54:58.818815,2023-11-29 09:54:58.818848,,1625,34
441,2023-11-29 09:54:59.647871,2023-11-29 09:54:59.647903,,1415,20
442,2023-11-29 09:55:02.519369,2023-11-29 09:55:02.519403,,1341,32
443,2023-11-29 09:55:07.087819,2023-11-29 09:55:07.087854,,1644,32
445,2023-11-29 09:55:21.150477,2023-11-29 09:55:21.150509,,227,34
446,2023-11-29 09:55:21.560806,2023-11-29 09:55:21.560839,,1764,20
447,2023-11-29 09:55:24.513732,2023-11-29 09:55:24.513762,,207,34
448,2023-11-29 09:55:26.906513,2023-11-29 09:55:26.906548,,635,33
449,2023-11-29 09:55:31.216135,2023-11-29 09:55:31.216167,,1420,34
450,2023-11-29 09:55:32.235933,2023-11-29 09:55:32.235965,,1791,20
451,2023-11-29 09:55:34.171457,2023-11-29 09:55:34.171489,,1813,32
452,2023-11-29 09:55:38.446347,2023-11-29 09:55:38.446378,,1808,20
453,2023-11-29 09:55:43.998129,2023-11-29 09:55:43.998161,,1839,20
455,2023-11-29 09:55:50.592980,2023-11-29 09:55:50.593010,,1861,20
456,2023-11-29 09:56:20.765871,2023-11-29 09:56:20.765903,,1722,35
457,2023-11-29 09:56:22.898378,2023-11-29 09:56:22.898408,,744,20
458,2023-11-29 09:56:24.361623,2023-11-29 09:56:24.361654,,234,35
460,2023-11-29 09:56:35.785693,2023-11-29 09:56:35.785729,,1810,32
461,2023-11-29 09:56:41.161891,2023-11-29 09:56:41.161923,,235,32
462,2023-11-29 09:56:55.655272,2023-11-29 09:56:55.655304,,1190,20
463,2023-11-29 09:56:59.962673,2023-11-29 09:56:59.962705,,773,32
464,2023-11-29 09:57:03.823124,2023-11-29 09:57:03.823154,,1271,20
465,2023-11-29 09:57:06.639098,2023-11-29 09:57:06.639130,,1371,20
466,2023-11-29 09:57:09.326614,2023-11-29 09:57:09.326646,,1395,20
467,2023-11-29 09:57:11.368562,2023-11-29 09:57:11.368593,,1485,20
468,2023-11-29 09:57:26.172602,2023-11-29 09:57:26.172632,,673,36
469,2023-11-29 09:57:28.361880,2023-11-29 09:57:28.361910,,690,36
470,2023-11-29 09:57:31.228611,2023-11-29 09:57:31.228642,,713,36
471,2023-11-29 09:57:35.639297,2023-11-29 09:57:35.639327,,962,36
472,2023-11-29 09:57:37.456619,2023-11-29 09:57:37.456650,,8,20
473,2023-11-29 09:57:37.645587,2023-11-29 09:57:37.645616,,993,36
474,2023-11-29 09:57:39.687892,2023-11-29 09:57:39.687923,,1091,36
475,2023-11-29 09:57:41.162404,2023-11-29 09:57:41.162436,,13,20
476,2023-11-29 09:57:45.481928,2023-11-29 09:57:45.481959,,205,36
477,2023-11-29 09:57:48.537534,2023-11-29 09:57:48.537561,,213,36
478,2023-11-29 09:57:49.207802,2023-11-29 09:57:49.207832,,214,36
479,2023-11-29 09:57:51.217816,2023-11-29 09:57:51.217846,,216,36
480,2023-11-29 09:57:55.019791,2023-11-29 09:57:55.019821,,224,36
481,2023-11-29 09:57:56.533348,2023-11-29 09:57:56.533377,,229,36
482,2023-11-29 09:57:57.264032,2023-11-29 09:57:57.264063,,230,36
483,2023-11-29 09:58:04.808577,2023-11-29 09:58:04.808606,,633,36
484,2023-11-29 09:58:14.484578,2023-11-29 09:58:14.484611,,668,36
485,2023-11-29 09:58:17.389156,2023-11-29 09:58:17.389185,,687,36
486,2023-11-29 09:58:18.719497,2023-11-29 09:58:18.719529,,862,20
487,2023-11-29 09:58:19.066174,2023-11-29 09:58:19.066205,,695,36
488,2023-11-29 09:58:23.839658,2023-11-29 09:58:23.839690,,929,20
489,2023-11-29 09:58:25.649953,2023-11-29 09:58:25.649985,,913,20
490,2023-11-29 09:58:27.555465,2023-11-29 09:58:27.555498,,931,20
491,2023-11-29 09:58:27.921713,2023-11-29 09:58:27.921745,,1722,32
492,2023-11-29 09:58:29.730662,2023-11-29 09:58:29.730695,,672,35
493,2023-11-29 09:58:35.670716,2023-11-29 09:58:35.670764,,968,20
494,2023-11-29 09:58:54.684367,2023-11-29 09:58:54.684399,,1625,32
495,2023-11-29 09:59:00.823128,2023-11-29 09:59:00.823158,,1422,20
496,2023-11-29 09:59:12.171371,2023-11-29 09:59:12.171404,,1896,32
497,2023-11-29 09:59:12.486482,2023-11-29 09:59:12.486512,,1344,35
498,2023-11-29 09:59:19.119967,2023-11-29 09:59:19.119999,,1610,20
499,2023-11-29 09:59:29.587502,2023-11-29 09:59:29.587533,,1766,35
500,2023-11-29 09:59:31.542715,2023-11-29 09:59:31.542747,,1798,20
501,2023-11-29 09:59:34.178071,2023-11-29 09:59:34.178102,,41,30
502,2023-11-29 09:59:36.823946,2023-11-29 09:59:36.823978,,1862,20
503,2023-11-29 09:59:39.529797,2023-11-29 09:59:39.529829,,1865,20
504,2023-11-29 09:59:44.071503,2023-11-29 09:59:44.071535,,1841,35
505,2023-11-29 09:59:45.703167,2023-11-29 09:59:45.703197,,631,39
506,2023-11-29 09:59:48.647198,2023-11-29 09:59:48.647227,,633,39
507,2023-11-29 09:59:49.641431,2023-11-29 09:59:49.641463,,1861,35
508,2023-11-29 09:59:50.711911,2023-11-29 09:59:50.711941,,1660,32
509,2023-11-29 09:59:59.265889,2023-11-29 09:59:59.265922,,1597,32
510,2023-11-29 10:00:09.726757,2023-11-29 10:00:09.726788,,234,39
511,2023-11-29 10:00:12.230927,2023-11-29 10:00:12.230957,,207,39
512,2023-11-29 10:00:16.713946,2023-11-29 10:00:16.713977,,1853,32
513,2023-11-29 10:00:19.272109,2023-11-29 10:00:19.272140,,1055,39
514,2023-11-29 10:00:20.271634,2023-11-29 10:00:20.271665,,1297,39
515,2023-11-29 10:00:21.050536,2023-11-29 10:00:21.050566,,1341,39
516,2023-11-29 10:00:29.231795,2023-11-29 10:00:29.231832,,1846,39
517,2023-11-29 10:00:30.040871,2023-11-29 10:00:30.040905,,1844,39
518,2023-11-29 10:00:31.039045,2023-11-29 10:00:31.039076,,1821,39
519,2023-11-29 10:00:38.456019,2023-11-29 10:00:38.456049,,213,39
520,2023-11-29 10:00:42.308106,2023-11-29 10:00:42.308140,,1170,35
521,2023-11-29 10:00:46.466034,2023-11-29 10:00:46.466064,,672,39
522,2023-11-29 10:00:49.757823,2023-11-29 10:00:49.757855,,670,39
523,2023-11-29 10:00:54.454372,2023-11-29 10:00:54.454405,,936,20
524,2023-11-29 10:00:54.791414,2023-11-29 10:00:54.791443,,1514,35
525,2023-11-29 10:00:56.087593,2023-11-29 10:00:56.087623,,962,20
526,2023-11-29 10:00:57.197039,2023-11-29 10:00:57.197069,,936,40
527,2023-11-29 10:00:59.255357,2023-11-29 10:00:59.255387,,962,40
529,2023-11-29 10:01:02.715158,2023-11-29 10:01:02.715187,,1640,32
530,2023-11-29 10:01:10.608582,2023-11-29 10:01:10.608615,,1191,20
531,2023-11-29 10:01:22.116265,2023-11-29 10:01:22.116300,,1167,32
532,2023-11-29 10:01:30.059163,2023-11-29 10:01:30.059199,,1034,35
533,2023-11-29 10:01:33.480597,2023-11-29 10:01:33.480628,,935,40
534,2023-11-29 10:01:38.213269,2023-11-29 10:01:38.213301,,1069,40
535,2023-11-29 10:01:42.152635,2023-11-29 10:01:42.152669,,1167,35
536,2023-11-29 10:01:43.575744,2023-11-29 10:01:43.575775,,1185,35
537,2023-11-29 10:01:47.813088,2023-11-29 10:01:47.813124,,1235,35
538,2023-11-29 10:01:59.985478,2023-11-29 10:01:59.985510,,1353,35
539,2023-11-29 10:02:01.283836,2023-11-29 10:02:01.283867,,634,32
540,2023-11-29 10:02:16.663601,2023-11-29 10:02:16.663634,,1593,35
541,2023-11-29 10:02:19.456917,2023-11-29 10:02:19.456949,,1629,35
542,2023-11-29 10:02:29.034164,2023-11-29 10:02:29.034193,,962,35
543,2023-11-29 10:02:41.477946,2023-11-29 10:02:41.477975,,1797,40
544,2023-11-29 10:02:42.173472,2023-11-29 10:02:42.173502,,1625,40
545,2023-11-29 10:02:42.725077,2023-11-29 10:02:42.725105,,1722,40
546,2023-11-29 10:02:51.919893,2023-11-29 10:02:51.919926,,1781,35
547,2023-11-29 10:03:00.524653,2023-11-29 10:03:00.524686,,1707,35
548,2023-11-29 10:03:11.976772,2023-11-29 10:03:11.976805,,936,35
549,2023-11-29 10:03:14.336366,2023-11-29 10:03:14.336398,,993,35
553,2023-11-29 10:03:25.381107,2023-11-29 10:03:25.381140,,381,32
554,2023-11-29 10:03:29.009871,2023-11-29 10:03:29.009901,,1844,41
555,2023-11-29 10:03:29.467654,2023-11-29 10:03:29.467683,,1846,41
556,2023-11-29 10:03:29.970464,2023-11-29 10:03:29.970494,,1494,35
557,2023-11-29 10:03:35.539691,2023-11-29 10:03:35.539721,,1297,41
559,2023-11-29 10:03:42.484015,2023-11-29 10:03:42.484044,,1767,40
560,2023-11-29 10:03:45.066151,2023-11-29 10:03:45.066183,,1746,35
561,2023-11-29 10:03:48.449201,2023-11-29 10:03:48.449230,,1839,41
562,2023-11-29 10:03:57.545001,2023-11-29 10:03:57.545031,,1839,40
563,2023-11-29 10:03:57.989614,2023-11-29 10:03:57.989642,,1862,41
564,2023-11-29 10:04:03.870964,2023-11-29 10:04:03.870995,,1861,40
565,2023-11-29 10:04:04.320175,2023-11-29 10:04:04.320204,,1859,41
566,2023-11-29 10:04:08.351738,2023-11-29 10:04:08.351769,,1860,41
567,2023-11-29 10:04:19.041566,2023-11-29 10:04:19.041597,,1891,40
568,2023-11-29 10:04:19.247937,2023-11-29 10:04:19.247966,,1840,41
569,2023-11-29 10:04:51.600771,2023-11-29 10:04:51.600803,,946,41
570,2023-11-29 10:08:04.269986,2023-11-29 10:08:04.270018,,241,42
571,2023-11-29 10:08:23.129473,2023-11-29 10:08:23.129503,,639,10
572,2023-11-29 10:08:35.582931,2023-11-29 10:08:35.582962,,13,10
573,2023-11-29 10:08:36.570181,2023-11-29 10:08:36.570212,,15,10
574,2023-11-29 10:09:06.165528,2023-11-29 10:09:06.165559,,1797,43
575,2023-11-29 10:09:08.185868,2023-11-29 10:09:08.185905,,1625,43
576,2023-11-29 10:09:17.450605,2023-11-29 10:09:17.450637,,1514,43
577,2023-11-29 10:09:37.198583,2023-11-29 10:09:37.198614,,936,43
578,2023-11-29 10:09:53.130629,2023-11-29 10:09:53.130663,,962,43
581,2023-11-29 10:10:10.502004,2023-11-29 10:10:10.502037,,1341,42
582,2023-11-29 10:10:15.341010,2023-11-29 10:10:15.341046,,1420,43
583,2023-11-29 10:10:52.573394,2023-11-29 10:10:52.573426,,268,42
584,2023-11-29 10:11:08.839403,2023-11-29 10:11:08.839435,,936,44
585,2023-11-29 10:11:13.342567,2023-11-29 10:11:13.342598,,936,42
586,2023-11-29 10:11:48.582755,2023-11-29 10:11:48.582787,,814,42
587,2023-11-29 10:12:19.798197,2023-11-29 10:12:19.798263,,1625,44
588,2023-11-29 10:12:24.027996,2023-11-29 10:12:24.028029,,1557,44
589,2023-11-29 10:13:32.960093,2023-11-29 10:13:32.960124,,1862,42
590,2023-11-29 10:13:36.437700,2023-11-29 10:13:36.437731,,105,44
592,2023-11-29 10:13:51.981707,2023-11-29 10:13:51.981738,,125,44
593,2023-11-29 10:14:22.324195,2023-11-29 10:14:22.324225,,1085,44
594,2023-11-29 10:14:24.542921,2023-11-29 10:14:24.542950,,1817,45
595,2023-11-29 10:14:25.523834,2023-11-29 10:14:25.523864,,1049,44
596,2023-11-29 10:14:36.251961,2023-11-29 10:14:36.251993,,1839,45
597,2023-11-29 10:14:42.626313,2023-11-29 10:14:42.626343,,1862,45
598,2023-11-29 10:14:47.820729,2023-11-29 10:14:47.820762,,1863,45
599,2023-11-29 10:14:52.723851,2023-11-29 10:14:52.723893,,1861,45
600,2023-11-29 10:14:55.882504,2023-11-29 10:14:55.882534,,1860,45
601,2023-11-29 10:14:58.048761,2023-11-29 10:14:58.048790,,1859,45
602,2023-11-29 10:14:58.437396,2023-11-29 10:14:58.437428,,645,42
603,2023-11-29 10:14:59.305341,2023-11-29 10:14:59.305371,,743,44
604,2023-11-29 10:14:59.924863,2023-11-29 10:14:59.924893,,1858,45
605,2023-11-29 10:15:02.840327,2023-11-29 10:15:02.840358,,1864,45
606,2023-11-29 10:15:11.420846,2023-11-29 10:15:11.420875,,1895,45
607,2023-11-29 10:15:15.675667,2023-11-29 10:15:15.675700,,12,44
608,2023-11-29 10:15:18.509495,2023-11-29 10:15:18.509525,,1897,45
609,2023-11-29 10:15:31.104117,2023-11-29 10:15:31.104147,,1865,45
610,2023-11-29 10:15:35.009537,2023-11-29 10:15:35.009570,,1869,45
611,2023-11-29 10:15:48.575754,2023-11-29 10:15:48.575785,,1869,42
615,2023-11-29 10:16:06.633456,2023-11-29 10:16:06.633483,,325,44
616,2023-11-29 10:16:29.578602,2023-11-29 10:16:29.578635,,439,44
618,2023-11-29 10:17:09.653660,2023-11-29 10:17:09.653690,,1849,45
619,2023-11-29 10:17:16.944459,2023-11-29 10:17:16.944487,,1844,45
620,2023-11-29 10:17:17.351985,2023-11-29 10:17:17.352015,,918,44
621,2023-11-29 10:17:20.490768,2023-11-29 10:17:20.490796,,1846,45
622,2023-11-29 10:17:23.130152,2023-11-29 10:17:23.130183,,1420,44
623,2023-11-29 10:17:27.417619,2023-11-29 10:17:27.417650,,1813,44
624,2023-11-29 10:17:37.888018,2023-11-29 10:17:37.888048,,1140,44
625,2023-11-29 10:18:06.865802,2023-11-29 10:18:06.865834,,1622,44
626,2023-11-29 10:18:40.827664,2023-11-29 10:18:40.827697,,691,42
627,2023-11-29 10:19:48.904604,2023-11-29 10:19:48.904637,,1640,42
628,2023-11-29 10:20:32.188515,2023-11-29 10:20:32.188546,,1797,42
629,2023-11-29 10:20:36.715496,2023-11-29 10:20:36.715528,,1625,42
630,2023-11-29 10:21:14.227634,2023-11-29 10:21:14.227665,,966,42
631,2023-11-29 10:22:12.380482,2023-11-29 10:22:12.380514,,348,42
632,2023-11-29 10:22:52.363161,2023-11-29 10:22:52.363192,,1625,46
633,2023-11-29 10:23:09.752938,2023-11-29 10:23:09.752985,,962,46
634,2023-11-29 10:23:12.183119,2023-11-29 10:23:12.183151,,1514,46
635,2023-11-29 10:23:15.611925,2023-11-29 10:23:15.611954,,1797,37
636,2023-11-29 10:23:17.365049,2023-11-29 10:23:17.365079,,1625,37
637,2023-11-29 10:23:20.623367,2023-11-29 10:23:20.623407,,1557,46
638,2023-11-29 10:23:23.964797,2023-11-29 10:23:23.964828,,207,37
639,2023-11-29 10:23:24.853363,2023-11-29 10:23:24.853398,,1722,46
640,2023-11-29 10:23:32.921118,2023-11-29 10:23:32.921148,,936,37
641,2023-11-29 10:23:44.800354,2023-11-29 10:23:44.800383,,1420,37
643,2023-11-29 10:24:14.829923,2023-11-29 10:24:14.829953,,240,46
644,2023-11-29 10:24:31.026582,2023-11-29 10:24:31.026620,,235,46
645,2023-11-29 10:25:18.006447,2023-11-29 10:25:18.006479,,1722,37
646,2023-11-29 10:25:20.112898,2023-11-29 10:25:20.112929,,1557,37
647,2023-11-29 10:25:26.087888,2023-11-29 10:25:26.087917,,1514,37
648,2023-11-29 10:26:19.299245,2023-11-29 10:26:19.299274,,1821,37
649,2023-11-29 10:26:24.952057,2023-11-29 10:26:24.952086,,1341,37
650,2023-11-29 10:26:47.522284,2023-11-29 10:26:47.522320,,631,46
651,2023-11-29 10:28:02.502968,2023-11-29 10:28:02.503001,,632,42
652,2023-11-29 10:32:08.127778,2023-11-29 10:32:08.127812,,276,42
653,2023-11-29 10:34:54.214856,2023-11-29 10:34:54.214888,,674,47
654,2023-11-29 10:35:11.145854,2023-11-29 10:35:11.145886,,1761,47
655,2023-11-29 10:35:12.824022,2023-11-29 10:35:12.824051,,1782,47
656,2023-11-29 10:35:14.947787,2023-11-29 10:35:14.947819,,1813,47
657,2023-11-29 10:35:20.459940,2023-11-29 10:35:20.459971,,1297,47
658,2023-11-29 10:35:24.020800,2023-11-29 10:35:24.020834,,936,47
659,2023-11-29 10:35:39.695319,2023-11-29 10:35:39.695351,,15,47
660,2023-11-29 10:36:42.068616,2023-11-29 10:36:42.068650,,40,47
662,2023-11-29 10:37:02.128762,2023-11-29 10:37:02.128796,,1,47
663,2023-11-29 10:37:05.326685,2023-11-29 10:37:05.326717,,693,47
664,2023-11-29 10:37:06.110071,2023-11-29 10:37:06.110103,,692,47
665,2023-11-29 10:37:11.832671,2023-11-29 10:37:11.832705,,782,47
666,2023-11-29 10:37:18.361659,2023-11-29 10:37:18.361690,,869,47
667,2023-11-29 11:02:42.985489,2023-11-29 11:02:42.985519,,1297,48
669,2023-11-29 11:02:47.529586,2023-11-29 11:02:47.529617,,1817,48
670,2023-11-29 11:02:49.532767,2023-11-29 11:02:49.532799,,1844,48
671,2023-11-29 11:02:53.755907,2023-11-29 11:02:53.755937,,1846,48
672,2023-11-29 11:03:44.060226,2023-11-29 11:03:44.060257,,1849,48
673,2023-11-29 11:04:03.305618,2023-11-29 11:04:03.305648,,1895,48
674,2023-11-29 11:04:12.991726,2023-11-29 11:04:12.991757,,1869,48
675,2023-11-29 11:04:25.898433,2023-11-29 11:04:25.898464,,1839,48
676,2023-11-29 11:04:44.424024,2023-11-29 11:04:44.424054,,1862,48
677,2023-11-29 11:05:03.338113,2023-11-29 11:05:03.338144,,1707,48
678,2023-11-29 11:07:54.301697,2023-11-29 11:07:54.301729,,1797,49
679,2023-11-29 11:08:08.829325,2023-11-29 11:08:08.829366,,1625,49
680,2023-11-29 11:08:12.904109,2023-11-29 11:08:12.904141,,936,49
681,2023-11-29 11:08:25.411710,2023-11-29 11:08:25.411743,,1722,49
682,2023-11-29 11:08:26.062343,2023-11-29 11:08:26.062376,,230,49
683,2023-11-29 11:08:27.416329,2023-11-29 11:08:27.416358,,234,49
684,2023-11-29 11:08:27.928399,2023-11-29 11:08:27.928445,,1557,49
685,2023-11-29 11:08:28.312638,2023-11-29 11:08:28.312670,,207,49
686,2023-11-29 11:08:53.408815,2023-11-29 11:08:53.408847,,1821,49
687,2023-11-29 11:08:53.980085,2023-11-29 11:08:53.980117,,1514,49
688,2023-11-29 11:09:01.090112,2023-11-29 11:09:01.090145,,1707,49
689,2023-11-29 11:09:07.049143,2023-11-29 11:09:07.049178,,235,49
690,2023-11-29 11:09:07.816374,2023-11-29 11:09:07.816406,,227,49
691,2023-11-29 11:09:08.239518,2023-11-29 11:09:08.239551,,1420,49
692,2023-11-29 11:09:09.404065,2023-11-29 11:09:09.404104,,962,49
693,2023-11-29 11:09:09.779604,2023-11-29 11:09:09.779637,,205,49
694,2023-11-29 11:09:11.472396,2023-11-29 11:09:11.472431,,210,49
695,2023-11-29 11:09:11.922170,2023-11-29 11:09:11.922202,,1844,49
696,2023-11-29 11:09:13.233081,2023-11-29 11:09:13.233113,,280,49
697,2023-11-29 11:09:13.719701,2023-11-29 11:09:13.719740,,229,49
698,2023-11-29 11:10:45.857317,2023-11-29 11:10:45.857345,,1844,50
699,2023-11-29 11:11:01.441429,2023-11-29 11:11:01.441458,,1768,50
700,2023-11-29 11:11:11.278148,2023-11-29 11:11:11.278177,,1849,50
701,2023-11-29 11:11:15.015983,2023-11-29 11:11:15.016016,,1846,50
702,2023-11-29 11:11:38.976059,2023-11-29 11:11:38.976090,,1862,50
703,2023-11-29 11:11:42.884726,2023-11-29 11:11:42.884756,,1861,50
704,2023-11-29 11:12:31.669837,2023-11-29 11:12:31.669866,,1817,50
705,2023-11-29 11:13:00.709199,2023-11-29 11:13:00.709229,,935,50
706,2023-11-29 11:13:03.166720,2023-11-29 11:13:03.166759,,1033,50
707,2023-11-29 11:13:09.173233,2023-11-29 11:13:09.173263,,1292,50
708,2023-11-29 11:13:19.331369,2023-11-29 11:13:19.331398,,1723,50
709,2023-11-29 11:13:22.473478,2023-11-29 11:13:22.473517,,1756,50
710,2023-11-29 11:13:31.524488,2023-11-29 11:13:31.524516,,1847,50
711,2023-11-29 11:13:37.321396,2023-11-29 11:13:37.321426,,1897,50
712,2023-11-29 11:21:28.356471,2023-11-29 11:21:28.356501,,889,42
713,2023-11-29 11:22:15.740072,2023-11-29 11:22:15.740105,,550,42
714,2023-11-29 11:24:17.533009,2023-11-29 11:24:17.533041,,1444,42
715,2023-11-29 11:24:19.353561,2023-11-29 11:24:19.353593,,1433,42
716,2023-11-29 11:24:23.058199,2023-11-29 11:24:23.058264,,1557,42
717,2023-11-29 11:24:25.163852,2023-11-29 11:24:25.163884,,1580,42
718,2023-11-29 11:24:32.530945,2023-11-29 11:24:32.530976,,1701,42
719,2023-11-29 11:26:12.031767,2023-11-29 11:26:12.031799,,1660,42
740,2023-11-29 11:29:13.467283,2023-11-29 11:29:13.467315,,332,42
742,2023-11-29 11:32:30.518465,2023-11-29 11:32:30.518497,,251,33
743,2023-11-29 11:32:31.706252,2023-11-29 11:32:31.706302,,252,33
744,2023-11-29 11:32:39.228890,2023-11-29 11:32:39.228923,,259,33
746,2023-11-29 11:32:49.971420,2023-11-29 11:32:49.971448,,307,33
747,2023-11-29 11:32:52.511798,2023-11-29 11:32:52.511830,,321,33
748,2023-11-29 11:33:06.869747,2023-11-29 11:33:06.869780,,324,33
749,2023-11-29 11:33:08.415568,2023-11-29 11:33:08.415601,,325,33
750,2023-11-29 11:33:16.567096,2023-11-29 11:33:16.567128,,367,33
751,2023-11-29 11:33:17.525276,2023-11-29 11:33:17.525308,,368,33
752,2023-11-29 11:33:20.205031,2023-11-29 11:33:20.205063,,377,33
753,2023-11-29 11:33:21.790868,2023-11-29 11:33:21.790900,,379,33
754,2023-11-29 11:34:09.694288,2023-11-29 11:34:09.694320,,380,33
755,2023-11-29 11:34:11.613332,2023-11-29 11:34:11.613363,,388,33
756,2023-11-29 11:34:17.270744,2023-11-29 11:34:17.270775,,420,33
757,2023-11-29 11:34:17.843596,2023-11-29 11:34:17.843625,,419,33
758,2023-11-29 11:34:20.285244,2023-11-29 11:34:20.285283,,432,33
759,2023-11-29 11:34:27.060612,2023-11-29 11:34:27.060643,,431,33
760,2023-11-29 11:34:34.139391,2023-11-29 11:34:34.139422,,435,33
761,2023-11-29 11:34:38.977052,2023-11-29 11:34:38.977084,,461,33
762,2023-11-29 11:34:49.156909,2023-11-29 11:34:49.156956,,548,33
763,2023-11-29 11:34:49.830591,2023-11-29 11:34:49.830620,,550,33
764,2023-11-29 11:34:55.211626,2023-11-29 11:34:55.211656,,552,33
768,2023-11-29 11:38:07.692522,2023-11-29 11:38:07.692555,,1185,33
769,2023-11-29 11:38:12.576987,2023-11-29 11:38:12.577018,,1672,33
770,2023-11-29 11:38:21.077063,2023-11-29 11:38:21.077094,,546,33
771,2023-11-29 11:38:36.055678,2023-11-29 11:38:36.055711,,544,33
772,2023-11-29 11:38:36.927431,2023-11-29 11:38:36.927462,,536,33
773,2023-11-29 11:39:00.977491,2023-11-29 11:39:00.977524,,234,33
775,2023-11-29 11:53:35.055746,2023-11-29 11:53:35.055780,,1362,52
776,2023-11-29 11:53:40.522795,2023-11-29 11:53:40.522827,,1597,52
777,2023-11-29 11:53:51.062745,2023-11-29 11:53:51.062776,,1710,52
778,2023-11-29 11:53:57.633239,2023-11-29 11:53:57.633271,,1750,52
779,2023-11-29 11:53:59.076513,2023-11-29 11:53:59.076545,,1797,52
780,2023-11-29 11:54:03.275424,2023-11-29 11:54:03.275455,,1853,52
781,2023-11-29 11:58:07.191328,2023-11-29 11:58:07.191360,,936,52
782,2023-11-29 11:58:08.611747,2023-11-29 11:58:08.611780,,962,52
783,2023-11-29 11:58:43.888966,2023-11-29 11:58:43.889013,,1324,52
784,2023-11-29 11:59:09.117527,2023-11-29 11:59:09.117562,,1140,52
786,2023-11-29 12:02:29.071631,2023-11-29 12:02:29.071663,,1217,53
787,2023-11-29 12:02:33.512099,2023-11-29 12:02:33.512131,,1438,53
788,2023-11-29 12:04:18.013775,2023-11-29 12:04:18.013809,,1148,53
789,2023-11-29 12:04:21.453402,2023-11-29 12:04:21.453444,,1155,53
790,2023-11-29 12:04:31.208641,2023-11-29 12:04:31.208680,,210,53
791,2023-11-29 12:05:01.055554,2023-11-29 12:05:01.055586,,718,53
792,2023-11-29 12:05:37.065399,2023-11-29 12:05:37.065430,,1055,53
793,2023-11-29 12:05:53.429518,2023-11-29 12:05:53.429551,,936,53
794,2023-11-29 12:05:58.696159,2023-11-29 12:05:58.696191,,1140,53
795,2023-11-29 12:06:13.819931,2023-11-29 12:06:13.819961,,946,53
796,2023-11-29 12:38:38.787381,2023-11-29 12:38:38.787420,,1625,54
797,2023-11-29 12:38:45.496204,2023-11-29 12:38:45.496237,,962,54
798,2023-11-29 12:40:14.098634,2023-11-29 12:40:14.098670,,1069,54
799,2023-11-29 12:40:25.294336,2023-11-29 12:40:25.294367,,1466,54
800,2023-11-29 12:40:39.379236,2023-11-29 12:40:39.379267,,1762,54
801,2023-11-29 12:40:47.527586,2023-11-29 12:40:47.527615,,1808,54
802,2023-11-29 12:40:55.227704,2023-11-29 12:40:55.227735,,1861,54
803,2023-11-29 12:41:12.409376,2023-11-29 12:41:12.409407,,1813,54
804,2023-11-29 12:42:17.901254,2023-11-29 12:42:17.901284,,241,54
805,2023-11-29 12:42:58.578565,2023-11-29 12:42:58.578596,,1091,54
806,2023-11-29 12:43:02.660725,2023-11-29 12:43:02.660754,,1171,54
807,2023-11-29 12:43:04.086788,2023-11-29 12:43:04.086818,,1140,54
808,2023-11-29 12:56:31.461474,2023-11-29 12:56:31.461506,,1844,55
809,2023-11-29 12:56:35.712820,2023-11-29 12:56:35.712851,,1625,55
810,2023-11-29 12:56:37.019544,2023-11-29 12:56:37.019578,,1797,55
813,2023-11-29 12:56:45.221681,2023-11-29 12:56:45.221712,,234,55
814,2023-11-29 12:56:51.743126,2023-11-29 12:56:51.743158,,1821,55
815,2023-11-29 12:56:58.548752,2023-11-29 12:56:58.548784,,962,55
816,2023-11-29 12:57:59.450052,2023-11-29 12:57:59.450085,,1820,55
818,2023-11-29 12:58:53.944875,2023-11-29 12:58:53.944908,,970,55
819,2023-11-29 12:59:19.079700,2023-11-29 12:59:19.079731,,1466,55
820,2023-11-29 12:59:43.296436,2023-11-29 12:59:43.296467,,1808,55
822,2023-11-29 13:08:15.911502,2023-11-29 13:08:15.911532,,40,56
823,2023-11-29 13:08:16.357015,2023-11-29 13:08:16.357044,,38,56
824,2023-11-29 13:08:17.035298,2023-11-29 13:08:17.035328,,39,56
825,2023-11-29 13:08:19.628968,2023-11-29 13:08:19.628999,,68,56
826,2023-11-29 13:08:22.601301,2023-11-29 13:08:22.601332,,631,56
827,2023-11-29 13:08:23.219310,2023-11-29 13:08:23.219371,,633,56
828,2023-11-29 13:08:24.903414,2023-11-29 13:08:24.903444,,653,56
829,2023-11-29 13:08:25.442462,2023-11-29 13:08:25.442492,,652,56
830,2023-11-29 13:08:28.575287,2023-11-29 13:08:28.575325,,962,56
831,2023-11-29 13:08:29.314833,2023-11-29 13:08:29.314866,,986,56
832,2023-11-29 13:08:30.132499,2023-11-29 13:08:30.132529,,993,56
833,2023-11-29 13:08:33.372612,2023-11-29 13:08:33.372641,,207,56
834,2023-11-29 13:08:33.801060,2023-11-29 13:08:33.801090,,208,56
835,2023-11-29 13:08:34.401221,2023-11-29 13:08:34.401253,,209,56
836,2023-11-29 13:08:34.945527,2023-11-29 13:08:34.945558,,212,56
837,2023-11-29 13:08:35.976980,2023-11-29 13:08:35.977010,,213,56
838,2023-11-29 13:08:38.013317,2023-11-29 13:08:38.013347,,222,56
839,2023-11-29 13:08:38.600017,2023-11-29 13:08:38.600049,,223,56
840,2023-11-29 13:08:41.554644,2023-11-29 13:08:41.554676,,664,56
841,2023-11-29 13:08:42.300480,2023-11-29 13:08:42.300515,,674,56
842,2023-11-29 13:08:43.070176,2023-11-29 13:08:43.070207,,673,56
843,2023-11-29 13:08:44.192390,2023-11-29 13:08:44.192429,,714,56
844,2023-11-29 13:08:44.676981,2023-11-29 13:08:44.677012,,722,56
845,2023-11-29 13:08:45.192431,2023-11-29 13:08:45.192464,,724,56
846,2023-11-29 13:08:47.767921,2023-11-29 13:08:47.767951,,5,56
847,2023-11-29 13:08:48.274580,2023-11-29 13:08:48.274610,,6,56
848,2023-11-29 13:08:48.839280,2023-11-29 13:08:48.839326,,7,56
849,2023-11-29 13:08:49.441578,2023-11-29 13:08:49.441610,,9,56
850,2023-11-29 13:08:50.564818,2023-11-29 13:08:50.564850,,21,56
851,2023-11-29 13:08:52.113240,2023-11-29 13:08:52.113270,,801,56
852,2023-11-29 13:08:52.571566,2023-11-29 13:08:52.571597,,796,56
853,2023-11-29 13:08:53.160902,2023-11-29 13:08:53.160932,,791,56
854,2023-11-29 13:08:53.986393,2023-11-29 13:08:53.986424,,794,56
855,2023-11-29 13:50:06.511221,2023-11-29 13:50:06.511252,,631,57
856,2023-11-29 13:50:33.417811,2023-11-29 13:50:33.417840,,692,57
857,2023-11-29 13:51:03.635941,2023-11-29 13:51:03.635971,,929,57
858,2023-11-29 13:54:05.041036,2023-11-29 13:54:05.041070,,1271,57
859,2023-11-29 13:54:12.740084,2023-11-29 13:54:12.740113,,1371,57
860,2023-11-29 13:54:16.263984,2023-11-29 13:54:16.264015,,1395,57
861,2023-11-29 13:54:28.965825,2023-11-29 13:54:28.965855,,1806,57
862,2023-11-29 13:54:34.879080,2023-11-29 13:54:34.879112,,936,57
863,2023-11-29 13:55:24.378453,2023-11-29 13:55:24.378485,,1677,57
864,2023-11-29 13:56:29.053589,2023-11-29 13:56:29.053619,,981,57
865,2023-11-29 13:56:34.382770,2023-11-29 13:56:34.382799,,1009,57
866,2023-11-29 13:56:53.017066,2023-11-29 13:56:53.017098,,1167,57
868,2023-11-29 13:58:03.392663,2023-11-29 13:58:03.392698,,1625,57
869,2023-11-29 13:59:06.377410,2023-11-29 13:59:06.377442,,632,57
870,2023-11-29 14:09:59.770163,2023-11-29 14:09:59.770194,,1797,58
871,2023-11-29 14:10:14.916609,2023-11-29 14:10:14.916638,,1817,58
872,2023-11-29 14:10:16.214009,2023-11-29 14:10:16.214040,,1844,58
873,2023-11-29 14:10:21.530744,2023-11-29 14:10:21.530776,,207,58
874,2023-11-29 14:10:27.133198,2023-11-29 14:10:27.133235,,216,58
875,2023-11-29 14:10:32.653875,2023-11-29 14:10:32.653904,,1625,58
876,2023-11-29 14:10:33.090914,2023-11-29 14:10:33.090944,,234,58
877,2023-11-29 14:10:35.801900,2023-11-29 14:10:35.801938,,1514,58
878,2023-11-29 14:10:37.627441,2023-11-29 14:10:37.627471,,205,58
879,2023-11-29 14:10:38.129051,2023-11-29 14:10:38.129082,,229,58
880,2023-11-29 14:10:39.085665,2023-11-29 14:10:39.085695,,210,58
881,2023-11-29 14:10:39.581594,2023-11-29 14:10:39.581624,,280,58
882,2023-11-29 14:10:41.777326,2023-11-29 14:10:41.777356,,227,58
883,2023-11-29 14:10:56.087671,2023-11-29 14:10:56.087702,,961,58
884,2023-11-29 14:10:58.309993,2023-11-29 14:10:58.310038,,935,58
885,2023-11-29 15:05:43.377084,2023-11-29 15:05:43.377114,,936,59
886,2023-11-29 15:05:57.043783,2023-11-29 15:05:57.043821,,1191,59
887,2023-11-29 15:06:05.939802,2023-11-29 15:06:05.939832,,1055,59
888,2023-11-29 15:06:15.848671,2023-11-29 15:06:15.848703,,7,59
889,2023-11-29 15:06:25.875281,2023-11-29 15:06:25.875312,,670,59
890,2023-11-29 15:06:36.519083,2023-11-29 15:06:36.519113,,633,59
891,2023-11-29 15:07:03.985994,2023-11-29 15:07:03.986025,,1458,59
892,2023-11-29 15:07:11.617950,2023-11-29 15:07:11.617980,,1286,59
893,2023-11-29 15:07:22.000286,2023-11-29 15:07:22.000318,,668,59
894,2023-11-29 15:07:26.912726,2023-11-29 15:07:26.912763,,205,59
895,2023-11-29 15:07:28.897262,2023-11-29 15:07:28.897292,,207,59
896,2023-11-29 15:07:34.214251,2023-11-29 15:07:34.214284,,935,61
897,2023-11-29 15:07:39.852005,2023-11-29 15:07:39.852037,,935,59
898,2023-11-29 15:07:45.797355,2023-11-29 15:07:45.797386,,1033,59
899,2023-11-29 15:07:50.758609,2023-11-29 15:07:50.758639,,1069,61
900,2023-11-29 15:07:51.917646,2023-11-29 15:07:51.917677,,1603,61
901,2023-11-29 15:07:54.117263,2023-11-29 15:07:54.117293,,1300,61
902,2023-11-29 15:07:56.045963,2023-11-29 15:07:56.045995,,1625,61
903,2023-11-29 15:07:57.659426,2023-11-29 15:07:57.659456,,1748,61
904,2023-11-29 15:08:03.055919,2023-11-29 15:08:03.055952,,687,59
905,2023-11-29 15:08:13.361146,2023-11-29 15:08:13.361176,,1874,61
906,2023-11-29 15:08:23.909513,2023-11-29 15:08:23.909542,,1797,61
907,2023-11-29 15:08:26.877348,2023-11-29 15:08:26.877378,,1722,61
908,2023-11-29 15:08:28.678179,2023-11-29 15:08:28.678209,,936,61
909,2023-11-29 15:08:30.785020,2023-11-29 15:08:30.785050,,1810,59
910,2023-11-29 15:08:32.998915,2023-11-29 15:08:32.998946,,962,61
911,2023-11-29 15:08:38.775751,2023-11-29 15:08:38.775781,,205,61
912,2023-11-29 15:09:07.584831,2023-11-29 15:09:07.584864,,38,61
913,2023-11-29 15:09:42.869935,2023-11-29 15:09:42.869967,,1821,59
914,2023-11-29 15:09:47.553670,2023-11-29 15:09:47.553701,,1644,59
915,2023-11-29 15:09:57.885616,2023-11-29 15:09:57.885646,,734,59
916,2023-11-29 15:10:04.340650,2023-11-29 15:10:04.340682,,775,59
917,2023-11-29 15:10:09.220972,2023-11-29 15:10:09.221006,,800,59
918,2023-11-29 16:19:37.349340,2023-11-29 16:19:37.349371,,1297,17
919,2023-11-29 16:19:38.026894,2023-11-29 16:19:38.026925,,1055,17
920,2023-11-29 16:19:38.505080,2023-11-29 16:19:38.505111,,1341,17
921,2023-11-29 16:19:39.105767,2023-11-29 16:19:39.105798,,1420,17
922,2023-11-30 01:20:41.672365,2023-11-30 01:20:41.672405,,235,62
923,2023-11-30 01:25:39.198705,2023-11-30 01:25:39.198745,,634,43
924,2023-11-30 01:26:27.736538,2023-11-30 01:26:27.736571,,672,43
925,2023-11-30 01:26:35.019782,2023-11-30 01:26:35.019822,,754,43
926,2023-11-30 01:26:51.006562,2023-11-30 01:26:51.006601,,1821,43
927,2023-11-30 01:26:57.063590,2023-11-30 01:26:57.063629,,1715,43
928,2023-11-30 01:26:58.296339,2023-11-30 01:26:58.296373,,1700,43
929,2023-11-30 01:27:37.771400,2023-11-30 01:27:37.771436,,1055,43
930,2023-11-30 01:27:38.506596,2023-11-30 01:27:38.506632,,1297,43
931,2023-11-30 01:29:52.036941,2023-11-30 01:29:52.036974,,1557,62
932,2023-11-30 01:29:58.553129,2023-11-30 01:29:58.553179,,230,62
934,2023-11-30 01:30:50.447974,2023-11-30 01:30:50.448007,,1644,62
935,2023-11-30 01:31:42.992051,2023-11-30 01:31:42.992098,,632,62
937,2023-11-30 01:33:18.378011,2023-11-30 01:33:18.378044,,1757,62
938,2023-11-30 01:33:26.003906,2023-11-30 01:33:26.003940,,761,62
939,2023-11-30 01:46:55.388592,2023-11-30 01:46:55.388626,,753,42
940,2023-11-30 01:48:56.582883,2023-11-30 01:48:56.582915,,866,42
941,2023-11-30 01:54:18.741516,2023-11-30 01:54:18.741548,,655,63
942,2023-11-30 01:54:34.097720,2023-11-30 01:54:34.097750,,238,63
943,2023-11-30 01:54:40.627359,2023-11-30 01:54:40.627390,,248,63
944,2023-11-30 01:54:47.120288,2023-11-30 01:54:47.120319,,332,63
945,2023-11-30 02:02:47.301376,2023-11-30 02:02:47.301409,,700,33
946,2023-11-30 02:03:09.116822,2023-11-30 02:03:09.116855,,1855,33
947,2023-11-30 02:10:30.870298,2023-11-30 02:10:30.870328,,1797,64
948,2023-11-30 02:10:33.282916,2023-11-30 02:10:33.282949,,1625,64
949,2023-11-30 02:10:38.181840,2023-11-30 02:10:38.181872,,234,64
950,2023-11-30 02:10:51.725544,2023-11-30 02:10:51.725577,,210,64
951,2023-11-30 02:13:26.894344,2023-11-30 02:13:26.894377,,936,64
952,2023-11-30 02:14:28.965462,2023-11-30 02:14:28.965496,,9,64
953,2023-11-30 02:14:39.998050,2023-11-30 02:14:39.998083,,476,64
954,2023-11-30 02:15:43.574745,2023-11-30 02:15:43.574778,,1722,64
955,2023-11-30 02:15:45.648123,2023-11-30 02:15:45.648155,,1557,64
956,2023-11-30 02:16:35.255154,2023-11-30 02:16:35.255186,,1341,64
957,2023-11-30 02:16:58.756978,2023-11-30 02:16:58.757011,,1297,64
958,2023-11-30 03:10:32.733258,2023-11-30 03:10:32.733289,,234,65
959,2023-11-30 03:10:34.750581,2023-11-30 03:10:34.750612,,230,65
960,2023-11-30 03:10:46.617836,2023-11-30 03:10:46.617865,,227,65
961,2023-11-30 03:10:56.312717,2023-11-30 03:10:56.312749,,1055,65
962,2023-11-30 03:10:59.838781,2023-11-30 03:10:59.838813,,1761,65
963,2023-11-30 03:11:01.819263,2023-11-30 03:11:01.819294,,1781,65
964,2023-11-30 03:11:05.731175,2023-11-30 03:11:05.731207,,1856,65
965,2023-11-30 03:11:10.181172,2023-11-30 03:11:10.181203,,205,65
966,2023-11-30 03:11:18.807929,2023-11-30 03:11:18.807959,,631,65
967,2023-11-30 03:11:41.990653,2023-11-30 03:11:41.990684,,1,65
968,2023-11-30 03:11:47.796127,2023-11-30 03:11:47.796157,,12,65
969,2023-11-30 03:11:49.738735,2023-11-30 03:11:49.738767,,13,65
970,2023-11-30 04:12:25.589731,2023-11-30 04:12:25.589778,,815,13
971,2023-11-30 04:12:38.758172,2023-11-30 04:12:38.758203,,966,13
973,2023-11-30 04:12:42.037608,2023-11-30 04:12:42.037647,,996,13
974,2023-11-30 04:12:46.617117,2023-11-30 04:12:46.617152,,1035,13
975,2023-11-30 04:12:57.914128,2023-11-30 04:12:57.914176,,1856,13
976,2023-11-30 04:13:02.495205,2023-11-30 04:13:02.495238,,936,13
977,2023-11-30 04:13:43.589994,2023-11-30 04:13:43.590027,,1423,13
978,2023-11-30 04:14:15.154729,2023-11-30 04:14:15.154761,,1862,13
979,2023-11-30 04:14:20.254286,2023-11-30 04:14:20.254323,,1895,13
980,2023-11-30 05:05:59.515790,2023-11-30 05:05:59.515822,,936,66
981,2023-11-30 05:06:16.996773,2023-11-30 05:06:16.996802,,1797,66
982,2023-11-30 05:07:08.093216,2023-11-30 05:07:08.093246,,280,66
983,2023-11-30 05:07:11.159190,2023-11-30 05:07:11.159220,,210,66
984,2023-11-30 05:07:46.035879,2023-11-30 05:07:46.035910,,1722,66
985,2023-11-30 05:07:49.810678,2023-11-30 05:07:49.810708,,1625,66
986,2023-11-30 05:07:54.041397,2023-11-30 05:07:54.041427,,962,66
987,2023-11-30 05:08:37.811420,2023-11-30 05:08:37.811451,,1011,66
988,2023-11-30 05:08:40.125930,2023-11-30 05:08:40.125962,,1088,66
989,2023-11-30 05:08:40.852358,2023-11-30 05:08:40.852387,,1091,66
990,2023-11-30 05:08:45.872529,2023-11-30 05:08:45.872579,,1117,66
991,2023-11-30 05:08:53.230448,2023-11-30 05:08:53.230478,,1224,66
992,2023-11-30 05:08:54.004946,2023-11-30 05:08:54.004977,,1180,66
993,2023-11-30 05:09:01.443966,2023-11-30 05:09:01.443997,,1324,66
