id,filter_id,place_id
1,4,1
2,5,1
3,4,2
4,5,2
5,3,3
6,4,3
7,5,3
8,4,4
9,5,4
10,7,4
11,2,5
12,4,5
13,5,5
14,7,5
15,4,6
16,5,6
17,3,7
18,4,7
19,5,7
20,4,8
21,5,8
22,4,9
23,5,9
24,4,10
25,5,10
26,4,11
27,5,11
28,3,11
29,4,12
30,5,12
31,4,13
32,5,13
33,1,13
34,2,13
35,3,13
36,2,14
37,4,14
38,5,14
39,7,14
40,3,15
41,4,15
42,5,15
43,4,16
44,5,16
45,3,17
46,4,17
47,5,17
48,7,17
49,2,18
50,4,18
51,5,18
52,7,18
53,3,19
54,4,19
55,5,19
56,3,20
57,4,20
58,5,20
59,4,21
60,5,21
61,7,21
62,3,22
63,4,22
64,5,22
65,3,23
66,4,23
67,5,23
68,4,24
69,5,24
70,7,24
71,4,25
72,5,25
73,7,25
74,3,26
75,4,26
76,5,26
77,6,26
78,3,27
79,4,27
80,5,27
81,6,27
82,4,28
83,5,28
84,3,28
85,2,28
86,4,29
87,5,29
88,3,29
89,2,29
90,4,30
91,5,30
92,3,30
93,2,30
94,4,31
95,5,31
96,3,31
97,2,31
98,4,32
99,5,32
100,4,33
101,5,33
102,4,34
103,5,34
104,3,35
105,4,35
106,5,35
107,6,35
108,4,36
109,5,36
110,4,37
111,5,37
112,4,38
113,5,38
114,4,39
115,5,39
116,4,40
117,5,40
118,1,40
119,2,40
120,3,40
121,3,41
122,4,41
123,5,41
124,4,42
125,5,42
126,4,43
127,5,43
128,7,43
129,4,44
130,5,44
131,7,44
132,4,45
133,5,45
134,4,46
135,5,46
136,1,46
137,3,46
138,4,47
139,5,47
140,4,48
141,5,48
142,3,49
143,4,49
144,5,49
145,3,50
146,4,50
147,5,50
148,3,51
149,4,51
150,5,51
151,4,52
152,5,52
153,7,52
154,4,53
155,5,53
156,7,53
157,3,54
158,4,54
159,5,54
160,4,55
161,5,55
162,4,56
163,5,56
164,7,56
165,4,57
166,5,57
167,1,57
168,4,58
169,5,58
170,3,59
171,4,59
172,5,59
173,6,59
174,4,60
175,5,60
176,7,60
177,4,61
178,5,61
179,7,61
180,4,62
181,5,62
182,4,63
183,5,63
184,7,63
185,4,64
186,5,64
187,7,64
188,4,65
189,5,65
190,4,66
191,5,66
192,4,67
193,5,67
194,3,68
195,4,68
196,5,68
197,3,69
198,4,69
199,5,69
200,4,70
201,5,70
202,4,71
203,5,71
204,3,72
205,4,72
206,5,72
207,4,73
208,5,73
209,1,73
210,2,73
211,3,73
212,4,74
213,5,74
214,1,74
215,2,74
216,3,74
217,4,75
218,5,75
219,3,75
220,2,75
221,4,76
222,5,76
223,3,76
224,2,76
225,4,77
226,5,77
227,3,78
228,4,78
229,5,78
230,3,79
231,4,79
232,5,79
233,4,80
234,5,80
235,4,81
236,5,81
237,4,82
238,5,82
239,3,83
240,4,83
241,5,83
242,2,84
243,4,84
244,5,84
245,7,84
246,4,85
247,5,85
248,4,86
249,5,86
250,4,87
251,5,87
252,7,87
253,4,88
254,5,88
255,4,89
256,5,89
257,7,89
258,4,90
259,5,90
260,3,91
261,4,91
262,5,91
263,4,92
264,5,92
265,3,93
266,4,93
267,5,93
268,3,94
269,4,94
270,5,94
271,7,94
272,4,95
273,5,95
274,4,96
275,5,96
276,1,96
277,2,96
278,3,96
279,3,97
280,4,97
281,5,97
282,4,98
283,5,98
284,3,98
285,2,98
286,4,99
287,5,99
288,7,99
289,4,100
290,5,100
291,1,100
292,3,101
293,4,101
294,5,101
295,3,102
296,4,102
297,5,102
298,4,103
299,5,103
300,3,104
301,4,104
302,5,104
303,3,105
304,4,105
305,5,105
306,3,106
307,4,106
308,5,106
309,3,107
310,4,107
311,5,107
312,3,108
313,4,108
314,5,108
315,4,109
316,5,109
317,4,110
318,5,110
319,2,111
320,4,111
321,5,111
322,7,111
323,3,112
324,4,112
325,5,112
326,3,113
327,4,113
328,5,113
329,4,114
330,5,114
331,4,115
332,5,115
333,3,116
334,4,116
335,5,116
336,4,117
337,5,117
338,4,118
339,5,118
340,4,119
341,5,119
342,4,120
343,5,120
344,3,121
345,4,121
346,5,121
347,3,122
348,4,122
349,5,122
350,6,122
351,4,123
352,5,123
353,4,124
354,5,124
355,1,124
356,2,124
357,3,124
358,3,125
359,4,125
360,5,125
361,4,126
362,5,126
363,3,126
364,2,126
365,3,127
366,4,127
367,5,127
368,4,128
369,5,128
370,4,129
371,5,129
372,3,130
373,4,130
374,5,130
375,3,131
376,4,131
377,5,131
378,4,132
379,5,132
380,4,133
381,5,133
382,4,134
383,5,134
384,4,135
385,5,135
386,3,135
387,2,135
388,6,135
389,4,136
390,5,136
391,4,137
392,5,137
393,3,138
394,4,138
395,5,138
396,4,139
397,5,139
398,4,140
399,5,140
400,4,141
401,5,141
402,1,141
403,2,141
404,4,142
405,5,142
406,1,142
407,2,142
408,4,143
409,5,143
410,1,143
411,2,143
412,4,144
413,5,144
414,2,145
415,4,145
416,5,145
417,4,146
418,5,146
419,4,147
420,5,147
421,1,147
422,2,147
423,3,147
424,2,148
425,4,148
426,5,148
427,3,149
428,4,149
429,5,149
430,4,150
431,5,150
432,3,151
433,4,151
434,5,151
435,4,152
436,5,152
437,3,153
438,4,153
439,5,153
440,4,154
441,5,154
442,1,154
443,2,154
444,3,154
445,4,155
446,5,155
447,3,156
448,4,156
449,5,156
450,4,157
451,5,157
452,4,158
453,5,158
454,1,158
455,2,158
456,3,158
457,4,159
458,5,159
459,2,160
460,3,160
461,4,160
462,5,160
463,2,161
464,4,161
465,5,161
466,7,161
467,3,162
468,4,162
469,5,162
470,4,163
471,5,163
472,1,163
473,2,163
474,3,163
475,3,164
476,4,164
477,5,164
478,4,165
479,5,165
480,2,165
481,7,165
482,4,166
483,5,166
484,4,167
485,5,167
486,4,168
487,5,168
488,4,169
489,5,169
490,4,170
491,5,170
492,4,171
493,5,171
494,4,172
495,5,172
496,4,173
497,5,173
498,1,174
499,2,174
500,1,175
501,3,175
502,1,176
503,2,176
504,3,176
505,1,177
506,3,177
507,1,178
508,2,178
509,1,179
510,3,179
511,1,180
512,2,180
513,3,180
514,1,181
515,2,181
516,3,181
517,1,182
518,2,182
519,1,183
520,2,183
521,3,183
522,1,184
523,2,184
524,3,184
525,1,185
526,2,185
527,3,185
528,1,186
529,2,186
530,3,186
531,1,187
532,2,187
533,3,187
534,1,188
535,3,188
536,1,189
537,2,189
538,1,190
539,2,190
540,1,191
541,2,191
542,1,192
543,2,192
544,1,193
545,2,193
546,1,194
547,2,194
548,1,195
549,2,195
550,1,196
551,2,196
552,1,197
553,2,197
554,1,198
555,3,198
556,1,199
557,3,199
558,1,200
559,3,200
560,1,201
561,2,201
562,1,202
563,2,202
564,1,203
565,2,203
566,1,204
567,2,204
568,1,205
569,2,205
570,1,206
571,2,206
572,1,207
573,2,207
574,1,208
575,2,208
576,1,209
577,2,209
578,1,210
579,2,210
580,1,211
581,2,211
582,1,212
583,2,212
584,1,213
585,3,213
586,1,214
587,2,214
588,3,214
589,1,215
590,2,215
591,1,216
592,2,216
593,1,217
594,2,217
595,3,217
596,1,218
597,2,218
598,1,219
599,2,219
600,3,219
601,1,220
602,2,220
603,1,221
604,2,221
605,1,222
606,2,222
607,1,223
608,2,223
609,1,224
610,2,224
611,1,225
612,3,225
613,1,226
614,2,226
615,1,227
616,2,227
617,1,228
618,3,228
619,1,229
620,2,229
621,1,230
622,2,230
623,1,231
624,3,231
625,1,232
626,2,232
627,1,233
628,2,233
629,1,234
630,3,234
631,1,235
632,3,235
633,1,236
634,3,236
635,1,237
636,3,237
637,1,238
638,3,238
639,1,239
640,3,239
641,1,240
642,2,240
643,1,241
644,3,241
645,1,242
646,3,242
647,1,243
648,2,243
649,1,244
650,2,244
651,1,245
652,2,245
653,1,246
654,2,246
655,1,247
656,2,247
657,1,248
658,3,248
659,1,249
660,2,249
661,1,250
662,2,250
663,1,251
664,2,251
665,1,252
666,2,252
667,1,253
668,2,253
669,1,254
670,2,254
671,1,255
672,2,255
673,1,256
674,2,256
675,1,257
676,3,257
677,1,258
678,3,258
679,1,259
680,3,259
681,1,260
682,3,260
683,1,261
684,2,261
685,1,262
686,2,262
687,1,263
688,2,263
689,1,264
690,2,264
691,3,265
692,4,265
693,6,265
694,3,266
695,4,266
696,6,266
697,3,267
698,4,267
699,6,267
700,3,268
701,4,268
702,6,268
703,3,269
704,4,269
705,6,269
706,3,270
707,4,270
708,6,270
709,3,271
710,4,271
711,6,271
712,3,272
713,4,272
714,6,272
715,3,273
716,4,273
717,6,273
718,3,274
719,4,274
720,6,274
721,3,275
722,4,275
723,6,275
724,3,276
725,4,276
726,6,276
727,3,277
728,4,277
729,6,277
730,3,278
731,4,278
732,6,278
733,3,279
734,4,279
735,6,279
736,3,280
737,4,280
738,6,280
739,3,281
740,4,281
741,6,281
742,3,282
743,4,282
744,6,282
745,3,283
746,4,283
747,6,283
748,3,284
749,4,284
750,6,284
751,3,285
752,4,285
753,6,285
754,3,286
755,4,286
756,6,286
757,3,287
758,4,287
759,6,287
760,3,288
761,4,288
762,6,288
763,3,289
764,4,289
765,6,289
766,3,290
767,4,290
768,6,290
769,3,291
770,4,291
771,6,291
772,3,292
773,4,292
774,6,292
775,3,293
776,4,293
777,6,293
778,3,294
779,4,294
780,6,294
781,3,295
782,4,295
783,6,295
784,3,296
785,4,296
786,6,296
787,3,297
788,4,297
789,6,297
790,3,298
791,4,298
792,6,298
793,3,299
794,4,299
795,6,299
796,3,300
797,4,300
798,6,300
799,3,301
800,4,301
801,6,301
802,3,302
803,4,302
804,6,302
805,3,303
806,4,303
807,6,303
808,3,304
809,4,304
810,6,304
811,3,305
812,4,305
813,6,305
814,3,306
815,4,306
816,6,306
817,3,307
818,4,307
819,6,307
820,3,308
821,4,308
822,6,308
823,3,309
824,4,309
825,6,309
826,3,310
827,4,310
828,6,310
829,3,311
830,4,311
831,6,311
832,3,312
833,4,312
834,6,312
835,3,313
836,4,313
837,6,313
838,3,314
839,4,314
840,6,314
841,3,315
842,4,315
843,6,315
844,3,316
845,4,316
846,6,316
847,3,317
848,4,317
849,6,317
850,3,318
851,4,318
852,6,318
853,3,319
854,4,319
855,6,319
856,3,320
857,4,320
858,6,320
859,3,321
860,4,321
861,6,321
862,3,322
863,4,322
864,6,322
865,3,323
866,4,323
867,6,323
868,3,324
869,4,324
870,6,324
871,3,325
872,4,325
873,6,325
874,3,326
875,4,326
876,6,326
877,3,327
878,4,327
879,6,327
880,3,328
881,4,328
882,6,328
883,3,329
884,4,329
885,6,329
886,3,330
887,4,330
888,6,330
889,3,331
890,4,331
891,6,331
892,3,332
893,4,332
894,6,332
895,3,333
896,4,333
897,6,333
898,3,334
899,4,334
900,6,334
901,3,335
902,4,335
903,6,335
904,3,336
905,4,336
906,6,336
907,3,337
908,4,337
909,6,337
910,3,338
911,4,338
912,6,338
913,3,339
914,4,339
915,6,339
916,3,340
917,4,340
918,6,340
919,3,341
920,4,341
921,6,341
922,1,342
923,3,342
924,4,342
925,6,342
926,7,342
927,3,343
928,4,343
929,6,343
930,3,344
931,4,344
932,6,344
933,3,345
934,4,345
935,6,345
936,3,346
937,4,346
938,6,346
939,3,347
940,4,347
941,6,347
942,3,348
943,4,348
944,6,348
945,3,349
946,4,349
947,6,349
948,3,350
949,4,350
950,6,350
951,3,351
952,4,351
953,6,351
954,3,352
955,4,352
956,6,352
957,3,353
958,4,353
959,6,353
960,3,354
961,4,354
962,6,354
963,3,355
964,4,355
965,6,355
966,3,356
967,4,356
968,6,356
969,3,357
970,4,357
971,6,357
972,3,358
973,4,358
974,6,358
975,3,359
976,4,359
977,6,359
978,3,360
979,4,360
980,6,360
981,3,361
982,4,361
983,6,361
984,3,362
985,4,362
986,6,362
987,3,363
988,4,363
989,6,363
990,3,364
991,4,364
992,6,364
993,3,365
994,4,365
995,6,365
996,3,366
997,4,366
998,6,366
999,3,367
1000,4,367
1001,6,367
1002,3,368
1003,4,368
1004,6,368
1005,3,369
1006,4,369
1007,6,369
1008,3,370
1009,4,370
1010,6,370
1011,3,371
1012,4,371
1013,6,371
1014,3,372
1015,4,372
1016,6,372
1017,3,373
1018,4,373
1019,6,373
1020,3,374
1021,4,374
1022,6,374
1023,3,375
1024,4,375
1025,6,375
1026,3,376
1027,4,376
1028,6,376
1029,3,377
1030,4,377
1031,6,377
1032,3,378
1033,4,378
1034,6,378
1035,3,379
1036,4,379
1037,6,379
1038,3,380
1039,4,380
1040,6,380
1041,3,381
1042,4,381
1043,6,381
1044,3,382
1045,4,382
1046,6,382
1047,3,383
1048,4,383
1049,6,383
1050,3,384
1051,4,384
1052,6,384
1053,3,385
1054,4,385
1055,6,385
1056,3,386
1057,4,386
1058,6,386
1059,3,387
1060,4,387
1061,6,387
1062,3,388
1063,4,388
1064,6,388
1065,3,389
1066,4,389
1067,6,389
1068,3,390
1069,4,390
1070,6,390
1071,3,391
1072,4,391
1073,6,391
1074,3,392
1075,4,392
1076,6,392
1077,3,393
1078,4,393
1079,6,393
1080,3,394
1081,4,394
1082,6,394
1083,3,395
1084,4,395
1085,6,395
1086,3,396
1087,4,396
1088,6,396
1089,3,397
1090,4,397
1091,6,397
1092,3,398
1093,4,398
1094,6,398
1095,3,399
1096,4,399
1097,6,399
1098,3,400
1099,4,400
1100,6,400
1101,3,401
1102,4,401
1103,6,401
1104,3,402
1105,4,402
1106,6,402
1107,3,403
1108,4,403
1109,6,403
1110,3,404
1111,4,404
1112,6,404
1113,3,405
1114,4,405
1115,6,405
1116,3,406
1117,4,406
1118,6,406
1119,3,407
1120,4,407
1121,6,407
1122,3,408
1123,4,408
1124,6,408
1125,3,409
1126,4,409
1127,6,409
1128,3,410
1129,4,410
1130,6,410
1131,3,411
1132,4,411
1133,6,411
1134,3,412
1135,4,412
1136,6,412
1137,3,413
1138,4,413
1139,6,413
1140,3,414
1141,4,414
1142,6,414
1143,3,415
1144,4,415
1145,6,415
1146,3,416
1147,4,416
1148,6,416
1149,3,417
1150,4,417
1151,6,417
1152,3,418
1153,4,418
1154,6,418
1155,3,419
1156,4,419
1157,6,419
1158,3,420
1159,4,420
1160,6,420
1161,3,421
1162,4,421
1163,6,421
1164,3,422
1165,4,422
1166,6,422
1167,3,423
1168,4,423
1169,6,423
1170,3,424
1171,4,424
1172,6,424
1173,3,425
1174,4,425
1175,6,425
1176,3,426
1177,4,426
1178,6,426
1179,3,427
1180,4,427
1181,6,427
1182,3,428
1183,4,428
1184,6,428
1185,3,429
1186,4,429
1187,6,429
1188,3,430
1189,4,430
1190,6,430
1191,3,431
1192,4,431
1193,6,431
1194,3,432
1195,4,432
1196,6,432
1197,3,433
1198,4,433
1199,6,433
1200,3,434
1201,4,434
1202,6,434
1203,3,435
1204,4,435
1205,6,435
1206,3,436
1207,4,436
1208,6,436
1209,3,437
1210,4,437
1211,6,437
1212,3,438
1213,4,438
1214,6,438
1215,3,439
1216,4,439
1217,6,439
1218,3,440
1219,4,440
1220,6,440
1221,3,441
1222,4,441
1223,6,441
1224,3,442
1225,4,442
1226,6,442
1227,3,443
1228,4,443
1229,6,443
1230,3,444
1231,4,444
1232,6,444
1233,3,445
1234,4,445
1235,6,445
1236,3,446
1237,4,446
1238,6,446
1239,3,447
1240,4,447
1241,6,447
1242,3,448
1243,4,448
1244,6,448
1245,3,449
1246,4,449
1247,6,449
1248,3,450
1249,4,450
1250,6,450
1251,3,451
1252,4,451
1253,6,451
1254,3,452
1255,4,452
1256,6,452
1257,3,453
1258,4,453
1259,6,453
1260,3,454
1261,4,454
1262,6,454
1263,3,455
1264,4,455
1265,6,455
1266,3,456
1267,4,456
1268,6,456
1269,3,457
1270,4,457
1271,6,457
1272,3,458
1273,4,458
1274,6,458
1275,3,459
1276,4,459
1277,6,459
1278,3,460
1279,4,460
1280,6,460
1281,3,461
1282,4,461
1283,6,461
1284,3,462
1285,4,462
1286,6,462
1287,3,463
1288,4,463
1289,6,463
1290,3,464
1291,4,464
1292,6,464
1293,3,465
1294,4,465
1295,6,465
1296,3,466
1297,4,466
1298,6,466
1299,3,467
1300,4,467
1301,6,467
1302,3,468
1303,4,468
1304,6,468
1305,3,469
1306,4,469
1307,6,469
1308,3,470
1309,4,470
1310,6,470
1311,3,471
1312,4,471
1313,6,471
1314,3,472
1315,4,472
1316,6,472
1317,3,473
1318,4,473
1319,6,473
1320,3,474
1321,4,474
1322,6,474
1323,3,475
1324,4,475
1325,6,475
1326,3,476
1327,4,476
1328,6,476
1329,3,477
1330,4,477
1331,6,477
1332,3,478
1333,4,478
1334,6,478
1335,3,479
1336,4,479
1337,6,479
1338,3,480
1339,4,480
1340,6,480
1341,3,481
1342,4,481
1343,6,481
1344,7,481
1345,3,482
1346,4,482
1347,6,482
1348,3,483
1349,4,483
1350,6,483
1351,3,484
1352,4,484
1353,6,484
1354,3,485
1355,4,485
1356,6,485
1357,3,486
1358,4,486
1359,6,486
1360,3,487
1361,4,487
1362,6,487
1363,3,488
1364,4,488
1365,6,488
1366,3,489
1367,4,489
1368,6,489
1369,3,490
1370,4,490
1371,6,490
1372,3,491
1373,4,491
1374,6,491
1375,3,492
1376,4,492
1377,6,492
1378,3,493
1379,4,493
1380,6,493
1381,3,494
1382,4,494
1383,6,494
1384,3,495
1385,4,495
1386,6,495
1387,3,496
1388,4,496
1389,6,496
1390,3,497
1391,4,497
1392,6,497
1393,3,498
1394,4,498
1395,6,498
1396,3,499
1397,4,499
1398,6,499
1399,3,500
1400,4,500
1401,6,500
1402,3,501
1403,4,501
1404,6,501
1405,3,502
1406,4,502
1407,6,502
1408,3,503
1409,4,503
1410,6,503
1411,3,504
1412,4,504
1413,6,504
1414,3,505
1415,4,505
1416,6,505
1417,3,506
1418,4,506
1419,6,506
1420,3,507
1421,4,507
1422,6,507
1423,3,508
1424,4,508
1425,6,508
1426,3,509
1427,4,509
1428,6,509
1429,3,510
1430,4,510
1431,6,510
1432,3,511
1433,4,511
1434,6,511
1435,3,512
1436,4,512
1437,6,512
1438,3,513
1439,4,513
1440,6,513
1441,3,514
1442,4,514
1443,6,514
1444,3,515
1445,4,515
1446,6,515
1447,3,516
1448,4,516
1449,6,516
1450,3,517
1451,4,517
1452,6,517
1453,3,518
1454,4,518
1455,6,518
1456,3,519
1457,4,519
1458,6,519
1459,3,520
1460,4,520
1461,6,520
1462,3,521
1463,4,521
1464,6,521
1465,3,522
1466,4,522
1467,6,522
1468,3,523
1469,4,523
1470,6,523
1471,3,524
1472,4,524
1473,6,524
1474,3,525
1475,4,525
1476,6,525
1477,3,526
1478,4,526
1479,6,526
1480,3,527
1481,4,527
1482,6,527
1483,3,528
1484,4,528
1485,6,528
1486,3,529
1487,4,529
1488,6,529
1489,3,530
1490,4,530
1491,6,530
1492,3,531
1493,4,531
1494,6,531
1495,3,532
1496,4,532
1497,6,532
1498,3,533
1499,4,533
1500,6,533
1501,3,534
1502,4,534
1503,6,534
1504,3,535
1505,4,535
1506,6,535
1507,3,536
1508,4,536
1509,6,536
1510,3,537
1511,4,537
1512,6,537
1513,3,538
1514,4,538
1515,6,538
1516,3,539
1517,4,539
1518,6,539
1519,3,540
1520,4,540
1521,6,540
1522,3,541
1523,4,541
1524,6,541
1525,3,542
1526,4,542
1527,6,542
1528,3,543
1529,4,543
1530,6,543
1531,3,544
1532,4,544
1533,6,544
1534,3,545
1535,4,545
1536,6,545
1537,3,546
1538,4,546
1539,6,546
1540,3,547
1541,4,547
1542,6,547
1543,3,548
1544,4,548
1545,6,548
1546,3,549
1547,4,549
1548,6,549
1549,3,550
1550,4,550
1551,6,550
1552,3,551
1553,4,551
1554,6,551
1555,3,552
1556,4,552
1557,6,552
1558,3,553
1559,4,553
1560,6,553
1561,3,554
1562,4,554
1563,6,554
1564,3,555
1565,4,555
1566,6,555
1567,3,556
1568,4,556
1569,6,556
1570,3,557
1571,4,557
1572,6,557
1573,3,558
1574,4,558
1575,6,558
1576,3,559
1577,4,559
1578,6,559
1579,3,560
1580,4,560
1581,6,560
1582,3,561
1583,4,561
1584,6,561
1585,3,562
1586,4,562
1587,6,562
1588,3,563
1589,4,563
1590,6,563
1591,3,564
1592,4,564
1593,6,564
1594,3,565
1595,4,565
1596,6,565
1597,3,566
1598,4,566
1599,6,566
1600,3,567
1601,4,567
1602,6,567
1603,3,568
1604,4,568
1605,6,568
1606,3,569
1607,4,569
1608,6,569
1609,3,570
1610,4,570
1611,6,570
1612,3,571
1613,4,571
1614,6,571
1615,3,572
1616,4,572
1617,6,572
1618,3,573
1619,4,573
1620,6,573
1621,3,574
1622,4,574
1623,6,574
1624,3,575
1625,4,575
1626,6,575
1627,3,576
1628,4,576
1629,6,576
1630,3,577
1631,4,577
1632,6,577
1633,3,578
1634,4,578
1635,6,578
1636,3,579
1637,4,579
1638,6,579
1639,3,580
1640,4,580
1641,6,580
1642,3,581
1643,4,581
1644,6,581
1645,3,582
1646,4,582
1647,6,582
1648,3,583
1649,4,583
1650,6,583
1651,3,584
1652,4,584
1653,6,584
1654,3,585
1655,4,585
1656,6,585
1657,3,586
1658,4,586
1659,6,586
1660,3,587
1661,4,587
1662,6,587
1663,3,588
1664,4,588
1665,6,588
1666,3,589
1667,4,589
1668,6,589
1669,3,590
1670,4,590
1671,6,590
1672,3,591
1673,4,591
1674,6,591
1675,3,592
1676,4,592
1677,6,592
1678,3,593
1679,4,593
1680,6,593
1681,3,594
1682,4,594
1683,6,594
1684,3,595
1685,4,595
1686,6,595
1687,3,596
1688,4,596
1689,6,596
1690,3,597
1691,4,597
1692,6,597
1693,3,598
1694,4,598
1695,6,598
1696,3,599
1697,4,599
1698,6,599
1699,3,600
1700,4,600
1701,6,600
1702,3,601
1703,4,601
1704,6,601
1705,3,602
1706,4,602
1707,6,602
1708,3,603
1709,4,603
1710,6,603
1711,3,604
1712,4,604
1713,6,604
1714,3,605
1715,4,605
1716,6,605
1717,3,606
1718,4,606
1719,6,606
1720,3,607
1721,4,607
1722,6,607
1723,3,608
1724,4,608
1725,6,608
1726,3,609
1727,4,609
1728,6,609
1729,3,610
1730,4,610
1731,6,610
1732,3,611
1733,4,611
1734,6,611
1735,3,612
1736,4,612
1737,6,612
1738,3,613
1739,4,613
1740,6,613
1741,3,614
1742,4,614
1743,6,614
1744,3,615
1745,4,615
1746,6,615
1747,3,616
1748,4,616
1749,6,616
1750,3,617
1751,4,617
1752,6,617
1753,3,618
1754,4,618
1755,6,618
1756,3,619
1757,4,619
1758,6,619
1759,3,620
1760,4,620
1761,6,620
1762,3,621
1763,4,621
1764,6,621
1765,3,622
1766,4,622
1767,6,622
1768,3,623
1769,4,623
1770,6,623
1771,3,624
1772,4,624
1773,6,624
1774,3,625
1775,4,625
1776,6,625
1777,3,626
1778,4,626
1779,6,626
1780,3,627
1781,4,627
1782,6,627
1783,3,628
1784,4,628
1785,6,628
1786,3,629
1787,4,629
1788,6,629
1789,3,630
1790,4,630
1791,6,630
1792,3,631
1793,4,631
1794,6,631
1795,3,632
1796,4,632
1797,6,632
1798,3,633
1799,4,633
1800,6,633
1801,3,634
1802,4,634
1803,6,634
1804,3,635
1805,4,635
1806,6,635
1807,3,636
1808,4,636
1809,6,636
1810,3,637
1811,4,637
1812,6,637
1813,3,638
1814,4,638
1815,6,638
1816,3,639
1817,4,639
1818,6,639
1819,3,640
1820,4,640
1821,6,640
1822,3,641
1823,4,641
1824,6,641
1825,3,642
1826,4,642
1827,6,642
1828,3,643
1829,4,643
1830,6,643
1831,3,644
1832,4,644
1833,6,644
1834,3,645
1835,4,645
1836,6,645
1837,3,646
1838,4,646
1839,6,646
1840,3,647
1841,4,647
1842,6,647
1843,3,648
1844,4,648
1845,6,648
1846,3,649
1847,4,649
1848,6,649
1849,3,650
1850,4,650
1851,6,650
1852,3,651
1853,4,651
1854,6,651
1855,3,652
1856,4,652
1857,6,652
1858,3,653
1859,4,653
1860,6,653
1861,3,654
1862,4,654
1863,6,654
1864,3,655
1865,4,655
1866,6,655
1867,3,656
1868,4,656
1869,6,656
1870,3,657
1871,4,657
1872,6,657
1873,3,658
1874,4,658
1875,6,658
1876,3,659
1877,4,659
1878,6,659
1879,3,660
1880,4,660
1881,6,660
1882,3,661
1883,4,661
1884,6,661
1885,3,662
1886,4,662
1887,6,662
1888,3,663
1889,4,663
1890,6,663
1891,3,664
1892,4,664
1893,6,664
1894,3,665
1895,4,665
1896,6,665
1897,3,666
1898,4,666
1899,6,666
1900,3,667
1901,4,667
1902,6,667
1903,3,668
1904,4,668
1905,6,668
1906,3,669
1907,4,669
1908,6,669
1909,3,670
1910,4,670
1911,6,670
1912,3,671
1913,4,671
1914,6,671
1915,3,672
1916,4,672
1917,6,672
1918,3,673
1919,4,673
1920,6,673
1921,3,674
1922,4,674
1923,6,674
1924,3,675
1925,4,675
1926,6,675
1927,3,676
1928,4,676
1929,6,676
1930,3,677
1931,4,677
1932,6,677
1933,3,678
1934,4,678
1935,6,678
1936,3,679
1937,4,679
1938,6,679
1939,3,680
1940,4,680
1941,6,680
1942,3,681
1943,4,681
1944,6,681
1945,3,682
1946,4,682
1947,6,682
1948,3,683
1949,4,683
1950,6,683
1951,3,684
1952,4,684
1953,6,684
1954,3,685
1955,4,685
1956,6,685
1957,3,686
1958,4,686
1959,6,686
1960,3,687
1961,4,687
1962,6,687
1963,3,688
1964,4,688
1965,6,688
1966,3,689
1967,4,689
1968,6,689
1969,3,690
1970,4,690
1971,6,690
1972,3,691
1973,4,691
1974,6,691
1975,3,692
1976,4,692
1977,6,692
1978,3,693
1979,4,693
1980,6,693
1981,3,694
1982,4,694
1983,6,694
1984,3,695
1985,4,695
1986,6,695
1987,3,696
1988,4,696
1989,6,696
1990,3,697
1991,4,697
1992,6,697
1993,3,698
1994,4,698
1995,6,698
1996,3,699
1997,4,699
1998,6,699
1999,3,700
2000,4,700
2001,6,700
2002,3,701
2003,4,701
2004,6,701
2005,3,702
2006,4,702
2007,6,702
2008,3,703
2009,4,703
2010,6,703
2011,3,704
2012,4,704
2013,6,704
2014,3,705
2015,4,705
2016,6,705
2017,3,706
2018,4,706
2019,6,706
2020,3,707
2021,4,707
2022,6,707
2023,3,708
2024,4,708
2025,6,708
2026,3,709
2027,4,709
2028,6,709
2029,3,710
2030,4,710
2031,6,710
2032,3,711
2033,4,711
2034,6,711
2035,3,712
2036,4,712
2037,6,712
2038,3,713
2039,4,713
2040,6,713
2041,3,714
2042,4,714
2043,6,714
2044,3,715
2045,4,715
2046,6,715
2047,3,716
2048,4,716
2049,6,716
2050,3,717
2051,4,717
2052,6,717
2053,3,718
2054,4,718
2055,6,718
2056,3,719
2057,4,719
2058,6,719
2059,3,720
2060,4,720
2061,6,720
2062,3,721
2063,4,721
2064,6,721
2065,3,722
2066,4,722
2067,6,722
2068,3,723
2069,4,723
2070,6,723
2071,3,724
2072,4,724
2073,6,724
2074,3,725
2075,4,725
2076,6,725
2077,3,726
2078,4,726
2079,6,726
2080,3,727
2081,4,727
2082,6,727
2083,3,728
2084,4,728
2085,6,728
2086,3,729
2087,4,729
2088,6,729
2089,3,730
2090,4,730
2091,6,730
2092,3,731
2093,4,731
2094,6,731
2095,3,732
2096,4,732
2097,6,732
2098,3,733
2099,4,733
2100,6,733
2101,3,734
2102,4,734
2103,6,734
2104,3,735
2105,4,735
2106,6,735
2107,3,736
2108,4,736
2109,6,736
2110,3,737
2111,4,737
2112,6,737
2113,3,738
2114,4,738
2115,6,738
2116,3,739
2117,4,739
2118,6,739
2119,3,740
2120,4,740
2121,6,740
2122,3,741
2123,4,741
2124,6,741
2125,3,742
2126,4,742
2127,6,742
2128,3,743
2129,4,743
2130,6,743
2131,3,744
2132,4,744
2133,6,744
2134,3,745
2135,4,745
2136,6,745
2137,3,746
2138,4,746
2139,6,746
2140,3,747
2141,4,747
2142,6,747
2143,3,748
2144,4,748
2145,6,748
2146,3,749
2147,4,749
2148,6,749
2149,3,750
2150,4,750
2151,6,750
2152,3,751
2153,4,751
2154,6,751
2155,3,752
2156,4,752
2157,6,752
2158,3,753
2159,4,753
2160,6,753
2161,3,754
2162,4,754
2163,6,754
2164,3,755
2165,4,755
2166,6,755
2167,3,756
2168,4,756
2169,6,756
2170,3,757
2171,4,757
2172,6,757
2173,3,758
2174,4,758
2175,6,758
2176,3,759
2177,4,759
2178,6,759
2179,3,760
2180,4,760
2181,6,760
2182,3,761
2183,4,761
2184,6,761
2185,3,762
2186,4,762
2187,6,762
2188,3,763
2189,4,763
2190,6,763
2191,3,764
2192,4,764
2193,6,764
2194,3,765
2195,4,765
2196,6,765
2197,3,766
2198,4,766
2199,6,766
2200,3,767
2201,4,767
2202,6,767
2203,3,768
2204,4,768
2205,6,768
2206,3,769
2207,4,769
2208,6,769
2209,3,770
2210,4,770
2211,6,770
2212,3,771
2213,4,771
2214,6,771
2215,3,772
2216,4,772
2217,6,772
2218,3,773
2219,4,773
2220,6,773
2221,3,774
2222,4,774
2223,6,774
2224,3,775
2225,4,775
2226,6,775
2227,3,776
2228,4,776
2229,6,776
2230,3,777
2231,4,777
2232,6,777
2233,3,778
2234,4,778
2235,6,778
2236,3,779
2237,4,779
2238,6,779
2239,3,780
2240,4,780
2241,6,780
2242,3,781
2243,4,781
2244,6,781
2245,3,782
2246,4,782
2247,6,782
2248,3,783
2249,4,783
2250,6,783
2251,3,784
2252,4,784
2253,6,784
2254,3,785
2255,4,785
2256,6,785
2257,3,786
2258,4,786
2259,6,786
2260,3,787
2261,4,787
2262,6,787
2263,3,788
2264,4,788
2265,6,788
2266,3,789
2267,4,789
2268,6,789
2269,3,790
2270,4,790
2271,6,790
2272,3,791
2273,4,791
2274,6,791
2275,3,792
2276,4,792
2277,6,792
2278,3,793
2279,4,793
2280,6,793
2281,3,794
2282,4,794
2283,6,794
2284,3,795
2285,4,795
2286,6,795
2287,3,796
2288,4,796
2289,6,796
2290,3,797
2291,4,797
2292,6,797
2293,3,798
2294,4,798
2295,6,798
2296,1,799
2297,2,799
2298,3,799
2299,1,800
2300,2,800
2301,3,800
2302,1,801
2303,2,801
2304,2,802
2305,6,802
2306,3,803
2307,6,803
2308,3,804
2309,6,804
2310,2,805
2311,3,805
2312,6,805
2313,2,806
2314,3,806
2315,6,806
2316,2,807
2317,3,807
2318,6,807
2319,3,808
2320,6,808
2321,3,809
2322,6,809
2323,3,810
2324,6,810
2325,3,811
2326,6,811
2327,2,812
2328,3,812
2329,6,812
2330,2,813
2331,3,813
2332,6,813
2333,3,814
2334,6,814
2335,3,815
2336,6,815
2337,2,816
2338,3,816
2339,6,816
2340,3,817
2341,6,817
2342,3,818
2343,6,818
2344,2,819
2345,3,819
2346,6,819
2347,3,820
2348,6,820
2349,3,821
2350,6,821
2351,3,822
2352,6,822
2353,3,823
2354,6,823
2355,2,824
2356,3,824
2357,6,824
2358,2,825
2359,3,825
2360,6,825
2361,2,826
2362,3,826
2363,6,826
2364,2,827
2365,3,827
2366,6,827
2367,2,828
2368,3,828
2369,6,828
2370,2,829
2371,3,829
2372,6,829
2373,2,830
2374,3,830
2375,6,830
2376,3,831
2377,6,831
2378,3,832
2379,6,832
2380,3,833
2381,6,833
2382,3,834
2383,6,834
2384,2,835
2385,3,835
2386,6,835
2387,2,836
2388,3,836
2389,6,836
2390,3,837
2391,6,837
2392,3,838
2393,6,838
2394,3,839
2395,6,839
2396,2,840
2397,3,840
2398,6,840
2399,2,841
2400,3,841
2401,6,841
2402,2,842
2403,3,842
2404,6,842
2405,3,843
2406,6,843
2407,2,844
2408,3,844
2409,6,844
2410,3,845
2411,6,845
2412,3,846
2413,6,846
2414,3,847
2415,6,847
2416,3,848
2417,6,848
2418,3,849
2419,6,849
2420,2,850
2421,3,850
2422,6,850
2423,2,851
2424,3,851
2425,6,851
2426,2,852
2427,3,852
2428,6,852
2429,2,853
2430,3,853
2431,6,853
2432,2,854
2433,3,854
2434,6,854
2435,3,855
2436,6,855
2437,3,856
2438,6,856
2439,2,857
2440,3,857
2441,6,857
2442,3,858
2443,6,858
2444,2,859
2445,3,859
2446,6,859
2447,3,860
2448,6,860
2449,3,861
2450,6,861
2451,3,862
2452,6,862
2453,3,863
2454,6,863
2455,2,864
2456,3,864
2457,6,864
2458,2,865
2459,3,865
2460,6,865
2461,2,866
2462,3,866
2463,6,866
2464,2,867
2465,3,867
2466,6,867
2467,2,868
2468,3,868
2469,6,868
2470,2,869
2471,3,869
2472,6,869
2473,2,870
2474,3,870
2475,6,870
2476,3,871
2477,6,871
2478,3,872
2479,6,872
2480,3,873
2481,6,873
2482,2,874
2483,3,874
2484,6,874
2485,2,875
2486,3,875
2487,6,875
2488,2,876
2489,3,876
2490,6,876
2491,3,877
2492,6,877
2493,2,878
2494,3,878
2495,6,878
2496,3,879
2497,6,879
2498,3,880
2499,6,880
2500,2,881
2501,3,881
2502,6,881
2503,2,882
2504,3,882
2505,6,882
2506,2,883
2507,3,883
2508,6,883
2509,2,884
2510,3,884
2511,6,884
2512,3,885
2513,6,885
2514,2,886
2515,3,886
2516,6,886
2517,3,887
2518,6,887
2519,3,888
2520,6,888
2521,3,889
2522,6,889
2523,2,890
2524,3,890
2525,6,890
2526,2,891
2527,3,891
2528,6,891
2529,2,892
2530,3,892
2531,6,892
2532,2,893
2533,3,893
2534,6,893
2535,2,894
2536,3,894
2537,6,894
2538,2,895
2539,3,895
2540,6,895
2541,2,896
2542,3,896
2543,6,896
2544,3,897
2545,6,897
2546,2,898
2547,3,898
2548,6,898
2549,2,899
2550,3,899
2551,6,899
2552,3,900
2553,6,900
2554,2,901
2555,3,901
2556,6,901
2557,2,902
2558,3,902
2559,6,902
2560,3,903
2561,6,903
2562,3,904
2563,6,904
2564,2,905
2565,3,905
2566,6,905
2567,2,906
2568,3,906
2569,6,906
2570,2,907
2571,3,907
2572,6,907
2573,2,908
2574,3,908
2575,6,908
2576,3,909
2577,6,909
2578,2,910
2579,3,910
2580,6,910
2581,2,911
2582,3,911
2583,6,911
2584,2,912
2585,3,912
2586,6,912
2587,2,913
2588,3,913
2589,6,913
2590,2,914
2591,3,914
2592,6,914
2593,3,915
2594,6,915
2595,2,916
2596,3,916
2597,6,916
2598,2,917
2599,3,917
2600,6,917
2601,2,918
2602,3,918
2603,6,918
2604,2,919
2605,3,919
2606,6,919
2607,2,920
2608,3,920
2609,6,920
2610,2,921
2611,3,921
2612,6,921
2613,2,922
2614,3,922
2615,6,922
2616,2,923
2617,3,923
2618,6,923
2619,2,924
2620,3,924
2621,6,924
2622,2,925
2623,3,925
2624,6,925
2625,2,926
2626,3,926
2627,6,926
2628,2,927
2629,3,927
2630,6,927
2631,2,928
2632,3,928
2633,6,928
2634,2,929
2635,3,929
2636,6,929
2637,2,930
2638,3,930
2639,6,930
2640,2,931
2641,3,931
2642,6,931
2643,2,932
2644,3,932
2645,6,932
2646,3,933
2647,6,933
2648,2,934
2649,3,934
2650,6,934
2651,3,935
2652,6,935
2653,3,936
2654,6,936
2655,3,937
2656,6,937
2657,3,938
2658,6,938
2659,3,939
2660,6,939
2661,3,940
2662,6,940
2663,3,941
2664,6,941
2665,3,942
2666,6,942
2667,3,943
2668,6,943
2669,3,944
2670,6,944
2671,3,945
2672,6,945
2673,3,946
2674,6,946
2675,3,947
2676,6,947
2677,3,948
2678,6,948
2679,3,949
2680,6,949
2681,3,950
2682,6,950
2683,3,951
2684,6,951
2685,3,952
2686,6,952
2687,3,953
2688,6,953
2689,3,954
2690,6,954
2691,3,955
2692,6,955
2693,3,956
2694,6,956
2695,3,957
2696,6,957
2697,3,958
2698,6,958
2699,3,959
2700,6,959
2701,3,960
2702,6,960
2703,3,961
2704,6,961
2705,3,962
2706,6,962
2707,3,963
2708,6,963
2709,3,964
2710,6,964
2711,3,965
2712,6,965
2713,3,966
2714,6,966
2715,3,967
2716,6,967
2717,3,968
2718,6,968
2719,3,969
2720,6,969
2721,3,970
2722,6,970
2723,3,971
2724,6,971
2725,3,972
2726,6,972
2727,3,973
2728,6,973
2729,3,974
2730,6,974
2731,3,975
2732,6,975
2733,3,976
2734,6,976
2735,3,977
2736,6,977
2737,3,978
2738,6,978
2739,3,979
2740,6,979
2741,3,980
2742,6,980
2743,3,981
2744,6,981
2745,3,982
2746,6,982
2747,3,983
2748,6,983
2749,3,984
2750,6,984
2751,3,985
2752,6,985
2753,3,986
2754,6,986
2755,3,987
2756,6,987
2757,3,988
2758,6,988
2759,3,989
2760,6,989
2761,3,990
2762,6,990
2763,3,991
2764,6,991
2765,3,992
2766,4,992
2767,6,992
2768,3,993
2769,6,993
2770,3,994
2771,6,994
2772,3,995
2773,6,995
2774,3,996
2775,4,996
2776,6,996
2777,3,997
2778,4,997
2779,6,997
2780,3,998
2781,6,998
2782,3,999
2783,6,999
2784,3,1000
2785,6,1000
2786,3,1001
2787,4,1001
2788,6,1001
2789,3,1002
2790,6,1002
2791,3,1003
2792,6,1003
2793,3,1004
2794,6,1004
2795,3,1005
2796,6,1005
2797,3,1006
2798,6,1006
2799,3,1007
2800,6,1007
2801,1,1008
2802,3,1008
2803,6,1008
2804,3,1009
2805,4,1009
2806,6,1009
2807,3,1010
2808,6,1010
2809,3,1011
2810,6,1011
2811,3,1012
2812,6,1012
2813,3,1013
2814,4,1013
2815,6,1013
2816,3,1014
2817,4,1014
2818,6,1014
2819,3,1015
2820,6,1015
2821,3,1016
2822,6,1016
2823,3,1017
2824,6,1017
2825,3,1018
2826,4,1018
2827,6,1018
2828,3,1019
2829,4,1019
2830,6,1019
2831,3,1020
2832,4,1020
2833,6,1020
2834,3,1021
2835,4,1021
2836,6,1021
2837,3,1022
2838,4,1022
2839,6,1022
2840,3,1023
2841,4,1023
2842,6,1023
2843,3,1024
2844,4,1024
2845,6,1024
2846,2,1025
2847,4,1025
2848,7,1025
2849,3,1026
2850,4,1026
2851,6,1026
2852,3,1027
2853,4,1027
2854,3,1028
2855,4,1028
2856,3,1029
2857,4,1029
2858,4,1030
2859,1,1031
2860,2,1031
2861,4,1031
2862,3,1032
2863,4,1032
2864,7,1032
2865,4,1033
2866,4,1034
2867,7,1034
2868,3,1035
2869,4,1035
2870,3,1036
2871,4,1036
2872,4,1037
2873,4,1038
2874,4,1039
2875,1,1040
2876,2,1040
2877,4,1040
2878,3,1041
2879,4,1041
2880,6,1041
2881,4,1042
2882,4,1043
2883,3,1044
2884,4,1044
2885,3,1045
2886,4,1045
2887,3,1046
2888,4,1046
2889,3,1047
2890,4,1047
2891,6,1047
2892,4,1048
2893,4,1049
2894,4,1050
2895,4,1051
2896,3,1052
2897,4,1052
2898,6,1052
2899,3,1053
2900,4,1053
2901,6,1053
2902,4,1054
2903,3,1055
2904,4,1055
2905,6,1055
2906,3,1056
2907,4,1056
2908,5,1056
2909,4,1058
2910,4,1059
2911,4,1060
2912,4,1061
2913,4,1062
2914,4,1063
2915,4,1064
2916,6,1064
2917,4,1065
2918,5,1065
2919,4,1066
2920,4,1067
2921,4,1068
2922,2,1069
2923,4,1069
2924,3,1070
2925,4,1070
2926,3,1071
2927,4,1071
2928,4,1072
2929,4,1073
2930,4,1074
2931,4,1075
2932,4,1076
2933,4,1077
2934,4,1078
2935,4,1079
2936,4,1080
2937,4,1081
2938,4,1082
2939,4,1083
2940,4,1084
2941,4,1085
2942,3,1086
2943,4,1086
2944,6,1086
2945,4,1087
2946,3,1088
2947,4,1088
2948,6,1088
2949,3,1089
2950,4,1089
2951,6,1089
2952,3,1090
2953,4,1090
2954,6,1090
2955,4,1091
2956,4,1092
2957,3,1093
2958,4,1093
2959,6,1093
2960,4,1094
2961,4,1095
2962,3,1096
2963,4,1096
2964,4,1097
2965,4,1098
2966,4,1099
2967,4,1100
2968,2,1101
2969,4,1101
2970,3,1102
2971,4,1102
2972,4,1103
2973,4,1104
2974,1,1105
2975,2,1105
2976,4,1105
2977,1,1106
2978,2,1106
2979,4,1106
2980,4,1107
2981,2,1108
2982,4,1108
2983,4,1109
2984,4,1110
2985,4,1111
2986,4,1112
2987,3,1113
2988,4,1113
2989,3,1114
2990,4,1114
2991,4,1115
2992,4,1116
2993,4,1117
2994,3,1118
2995,4,1118
2996,4,1119
2997,3,1120
2998,4,1120
2999,4,1121
3000,5,1121
3001,4,1122
3002,3,1123
3003,4,1123
3004,4,1124
3005,2,1125
3006,4,1125
3007,3,1126
3008,4,1126
3009,3,1127
3010,4,1127
3011,4,1128
3012,3,1129
3013,4,1129
3014,2,1130
3015,4,1130
3016,3,1131
3017,4,1131
3018,6,1131
3019,3,1132
3020,4,1132
3021,3,1133
3022,4,1133
3023,3,1134
3024,4,1134
3025,4,1135
3026,6,1135
3027,3,1136
3028,4,1136
3029,6,1136
3030,1,1137
3031,2,1137
3032,3,1137
3033,1,1138
3034,2,1138
3035,3,1138
3036,1,1139
3037,2,1139
3038,3,1139
3039,1,1140
3040,2,1140
3041,3,1140
3042,1,1141
3043,2,1141
3044,3,1141
3045,1,1142
3046,2,1142
3047,3,1142
3048,1,1143
3049,2,1143
3050,3,1143
3051,1,1144
3052,2,1144
3053,3,1144
3054,1,1145
3055,2,1145
3056,3,1145
3057,1,1146
3058,2,1146
3059,3,1146
3060,1,1147
3061,2,1147
3062,3,1147
3063,1,1148
3064,2,1148
3065,3,1148
3066,1,1149
3067,2,1149
3068,3,1149
3069,1,1150
3070,2,1150
3071,3,1150
3072,1,1151
3073,2,1151
3074,3,1151
3075,1,1152
3076,2,1152
3077,3,1152
3078,1,1153
3079,2,1153
3080,3,1153
3081,1,1154
3082,2,1154
3083,3,1154
3084,1,1155
3085,2,1155
3086,3,1155
3087,1,1156
3088,2,1156
3089,3,1156
3090,1,1157
3091,2,1157
3092,3,1157
3093,1,1158
3094,2,1158
3095,3,1158
3096,1,1159
3097,2,1159
3098,3,1159
3099,1,1160
3100,2,1160
3101,3,1160
3102,1,1161
3103,2,1161
3104,3,1161
3105,1,1162
3106,2,1162
3107,3,1162
3108,1,1163
3109,2,1163
3110,3,1163
3111,1,1164
3112,2,1164
3113,3,1164
3114,1,1165
3115,2,1165
3116,3,1165
3117,1,1166
3118,2,1166
3119,3,1166
3120,1,1167
3121,2,1167
3122,3,1167
3123,1,1168
3124,2,1168
3125,3,1168
3126,1,1169
3127,2,1169
3128,3,1169
3129,1,1170
3130,2,1170
3131,3,1170
3132,1,1171
3133,2,1171
3134,3,1171
3135,1,1172
3136,2,1172
3137,3,1172
3138,1,1173
3139,2,1173
3140,3,1173
3141,1,1174
3142,2,1174
3143,3,1174
3144,1,1175
3145,2,1175
3146,3,1175
3147,1,1176
3148,2,1176
3149,3,1176
3150,1,1177
3151,2,1177
3152,3,1177
3153,1,1178
3154,2,1178
3155,3,1178
3156,1,1179
3157,2,1179
3158,3,1179
3159,1,1180
3160,2,1180
3161,3,1180
3162,1,1181
3163,2,1181
3164,3,1181
3165,1,1182
3166,2,1182
3167,3,1182
3168,1,1183
3169,2,1183
3170,3,1183
3171,1,1184
3172,2,1184
3173,3,1184
3174,1,1185
3175,2,1185
3176,3,1185
3177,1,1186
3178,2,1186
3179,3,1186
3180,1,1187
3181,2,1187
3182,3,1187
3183,1,1188
3184,2,1188
3185,3,1188
3186,1,1189
3187,2,1189
3188,3,1189
3189,1,1190
3190,2,1190
3191,3,1190
3192,1,1191
3193,2,1191
3194,3,1191
3195,1,1192
3196,2,1192
3197,3,1192
3198,1,1193
3199,2,1193
3200,3,1193
3201,1,1194
3202,2,1194
3203,3,1194
3204,1,1195
3205,2,1195
3206,3,1195
3207,1,1196
3208,2,1196
3209,3,1196
3210,1,1197
3211,2,1197
3212,3,1197
3213,1,1198
3214,2,1198
3215,3,1198
3216,1,1199
3217,2,1199
3218,3,1199
3219,1,1200
3220,2,1200
3221,3,1200
3222,1,1201
3223,2,1201
3224,3,1201
3225,1,1202
3226,2,1202
3227,3,1202
3228,1,1203
3229,2,1203
3230,3,1203
3231,1,1204
3232,2,1204
3233,3,1204
3234,1,1205
3235,2,1205
3236,3,1205
3237,1,1206
3238,2,1206
3239,3,1206
3240,1,1207
3241,2,1207
3242,3,1207
3243,1,1208
3244,2,1208
3245,3,1208
3246,1,1209
3247,2,1209
3248,3,1209
3249,2,1210
3250,6,1210
3251,2,1211
3252,6,1211
3253,2,1212
3254,6,1212
3255,2,1213
3256,6,1213
3257,2,1214
3258,6,1214
3259,2,1215
3260,6,1215
3261,2,1216
3262,6,1216
3263,2,1217
3264,6,1217
3265,2,1218
3266,6,1218
3267,2,1219
3268,6,1219
3269,2,1220
3270,6,1220
3271,2,1221
3272,6,1221
3273,2,1222
3274,6,1222
3275,2,1223
3276,6,1223
3277,2,1224
3278,6,1224
3279,2,1225
3280,6,1225
3281,2,1226
3282,6,1226
3283,2,1227
3284,6,1227
3285,2,1228
3286,6,1228
3287,2,1229
3288,6,1229
3289,2,1230
3290,6,1230
3291,2,1231
3292,6,1231
3293,2,1232
3294,6,1232
3295,2,1233
3296,6,1233
3297,2,1234
3298,6,1234
3299,2,1235
3300,6,1235
3301,2,1236
3302,6,1236
3303,2,1237
3304,6,1237
3305,2,1238
3306,6,1238
3307,2,1239
3308,6,1239
3309,2,1240
3310,6,1240
3311,2,1241
3312,6,1241
3313,2,1242
3314,6,1242
3315,2,1243
3316,6,1243
3317,2,1244
3318,6,1244
3319,2,1245
3320,6,1245
3321,2,1246
3322,6,1246
3323,2,1247
3324,6,1247
3325,2,1248
3326,6,1248
3327,2,1249
3328,6,1249
3329,2,1250
3330,6,1250
3331,2,1251
3332,6,1251
3333,2,1252
3334,6,1252
3335,2,1253
3336,6,1253
3337,2,1254
3338,6,1254
3339,2,1255
3340,6,1255
3341,2,1256
3342,6,1256
3343,2,1257
3344,6,1257
3345,2,1258
3346,6,1258
3347,2,1259
3348,6,1259
3349,2,1260
3350,6,1260
3351,2,1261
3352,6,1261
3353,2,1262
3354,6,1262
3355,2,1263
3356,6,1263
3357,2,1264
3358,6,1264
3359,2,1265
3360,6,1265
3361,2,1266
3362,6,1266
3363,2,1267
3364,6,1267
3365,2,1268
3366,6,1268
3367,2,1269
3368,6,1269
3369,2,1270
3370,6,1270
3371,2,1271
3372,6,1271
3373,2,1272
3374,6,1272
3375,2,1273
3376,6,1273
3377,2,1274
3378,6,1274
3379,2,1275
3380,6,1275
3381,2,1276
3382,6,1276
3383,2,1277
3384,6,1277
3385,2,1278
3386,6,1278
3387,2,1279
3388,6,1279
3389,2,1280
3390,6,1280
3391,2,1281
3392,6,1281
3393,4,1281
3394,2,1282
3395,6,1282
3396,2,1283
3397,6,1283
3398,2,1284
3399,6,1284
3400,2,1285
3401,6,1285
3402,2,1286
3403,6,1286
3404,2,1287
3405,6,1287
3406,2,1288
3407,6,1288
3408,2,1289
3409,6,1289
3410,2,1290
3411,6,1290
3412,2,1291
3413,6,1291
3414,2,1292
3415,6,1292
3416,2,1293
3417,6,1293
3418,2,1294
3419,6,1294
3420,2,1295
3421,6,1295
3422,2,1296
3423,6,1296
3424,2,1297
3425,6,1297
3426,2,1298
3427,6,1298
3428,2,1299
3429,6,1299
3430,2,1300
3431,6,1300
3432,2,1301
3433,6,1301
3434,2,1302
3435,6,1302
3436,2,1303
3437,6,1303
3438,2,1304
3439,6,1304
3440,2,1305
3441,6,1305
3442,2,1306
3443,6,1306
3444,2,1307
3445,6,1307
3446,2,1308
3447,6,1308
3448,2,1309
3449,6,1309
3450,2,1310
3451,6,1310
3452,2,1311
3453,6,1311
3454,2,1312
3455,6,1312
3456,2,1313
3457,6,1313
3458,2,1314
3459,6,1314
3460,2,1315
3461,6,1315
3462,3,1315
3463,2,1316
3464,6,1316
3465,2,1317
3466,6,1317
3467,2,1318
3468,6,1318
3469,2,1319
3470,6,1319
3471,2,1320
3472,6,1320
3473,2,1321
3474,6,1321
3475,2,1322
3476,6,1322
3477,2,1323
3478,6,1323
3479,2,1324
3480,6,1324
3481,2,1325
3482,6,1325
3483,3,1325
3484,2,1326
3485,6,1326
3486,2,1327
3487,6,1327
3488,2,1328
3489,6,1328
3490,2,1329
3491,6,1329
3492,2,1330
3493,6,1330
3494,2,1331
3495,6,1331
3496,2,1332
3497,6,1332
3498,2,1333
3499,6,1333
3500,2,1334
3501,6,1334
3502,2,1335
3503,6,1335
3504,2,1336
3505,6,1336
3506,2,1337
3507,6,1337
3508,2,1338
3509,6,1338
3510,2,1339
3511,6,1339
3512,2,1341
3513,6,1341
3514,2,1342
3515,6,1342
3516,2,1343
3517,6,1343
3518,2,1344
3519,6,1344
3520,2,1345
3521,6,1345
3522,2,1346
3523,6,1346
3524,2,1347
3525,6,1347
3526,2,1348
3527,6,1348
3528,2,1349
3529,6,1349
3530,2,1350
3531,6,1350
3532,2,1351
3533,6,1351
3534,2,1352
3535,6,1352
3536,2,1353
3537,6,1353
3538,2,1354
3539,6,1354
3540,2,1355
3541,6,1355
3542,2,1356
3543,6,1356
3544,2,1357
3545,6,1357
3546,2,1358
3547,6,1358
3548,2,1359
3549,6,1359
3550,2,1360
3551,6,1360
3552,2,1361
3553,6,1361
3554,2,1362
3555,6,1362
3556,2,1363
3557,6,1363
3558,2,1364
3559,6,1364
3560,2,1365
3561,6,1365
3562,2,1366
3563,6,1366
3564,2,1367
3565,6,1367
3566,2,1368
3567,6,1368
3568,2,1369
3569,6,1369
3570,2,1370
3571,3,1370
3572,6,1370
3573,2,1371
3574,6,1371
3575,2,1372
3576,6,1372
3577,2,1373
3578,6,1373
3579,2,1374
3580,6,1374
3581,2,1375
3582,6,1375
3583,2,1376
3584,6,1376
3585,3,1377
3586,6,1377
3587,3,1378
3588,6,1378
3589,3,1379
3590,6,1379
3591,4,1379
3592,3,1380
3593,6,1380
3594,3,1381
3595,6,1381
3596,4,1381
3597,3,1382
3598,6,1382
3599,4,1382
3600,3,1383
3601,6,1383
3602,3,1384
3603,6,1384
3604,4,1384
3605,3,1385
3606,6,1385
3607,3,1386
3608,6,1386
3609,3,1387
3610,6,1387
3611,3,1388
3612,6,1388
3613,4,1388
3614,3,1389
3615,6,1389
3616,3,1390
3617,6,1390
3618,3,1391
3619,6,1391
3620,3,1392
3621,6,1392
3622,3,1393
3623,6,1393
3624,3,1394
3625,6,1394
3626,3,1395
3627,6,1395
3628,3,1396
3629,6,1396
3630,4,1396
3631,3,1397
3632,6,1397
3633,4,1397
3634,3,1398
3635,6,1398
3636,4,1398
3637,3,1399
3638,6,1399
3639,3,1400
3640,6,1400
3641,4,1400
3642,5,1400
3643,3,1401
3644,6,1401
3645,4,1401
3646,6,1402
3647,2,1402
3648,5,1402
3649,7,1402
3650,3,1403
3651,6,1403
3652,3,1404
3653,6,1404
3654,4,1404
3655,3,1405
3656,6,1405
3657,4,1405
3658,3,1406
3659,6,1406
3660,3,1407
3661,6,1407
3662,3,1408
3663,6,1408
3664,3,1409
3665,6,1409
3666,3,1410
3667,6,1410
3668,3,1411
3669,6,1411
3670,3,1412
3671,6,1412
3672,3,1413
3673,6,1413
3674,4,1413
3675,3,1414
3676,6,1414
3677,3,1415
3678,6,1415
3679,3,1416
3680,6,1416
3681,3,1417
3682,6,1417
3683,4,1417
3684,3,1418
3685,6,1418
3686,4,1418
3687,6,1419
3688,2,1419
3689,5,1419
3690,7,1419
3691,3,1420
3692,6,1420
3693,3,1421
3694,6,1421
3695,3,1422
3696,6,1422
3697,3,1423
3698,6,1423
3699,3,1424
3700,6,1424
3701,3,1425
3702,6,1425
3703,3,1426
3704,6,1426
3705,3,1427
3706,6,1427
3707,3,1428
3708,6,1428
3709,3,1429
3710,6,1429
3711,4,1429
3712,3,1430
3713,6,1430
3714,4,1430
3715,3,1431
3716,6,1431
3717,3,1432
3718,6,1432
3719,3,1433
3720,6,1433
3721,3,1434
3722,6,1434
3723,3,1435
3724,6,1435
3725,3,1436
3726,6,1436
3727,3,1437
3728,6,1437
3729,3,1438
3730,6,1438
3731,3,1439
3732,6,1439
3733,3,1440
3734,6,1440
3735,3,1441
3736,6,1441
3737,4,1441
3738,3,1442
3739,6,1442
3740,3,1443
3741,6,1443
3742,3,1444
3743,6,1444
3744,4,1444
3745,3,1445
3746,6,1445
3747,4,1445
3748,3,1446
3749,6,1446
3750,4,1446
3751,3,1447
3752,6,1447
3753,3,1448
3754,6,1448
3755,4,1448
3756,3,1449
3757,6,1449
3758,3,1450
3759,6,1450
3760,3,1451
3761,6,1451
3762,3,1452
3763,6,1452
3764,3,1453
3765,6,1453
3766,3,1454
3767,6,1454
3768,4,1454
3769,3,1455
3770,6,1455
3771,4,1455
3772,3,1456
3773,6,1456
3774,3,1457
3775,6,1457
3776,4,1457
3777,3,1458
3778,6,1458
3779,4,1458
3780,3,1459
3781,6,1459
3782,4,1459
3783,3,1460
3784,6,1460
3785,4,1460
3786,3,1461
3787,6,1461
3788,4,1461
3789,3,1462
3790,6,1462
3791,3,1463
3792,6,1463
3793,4,1463
3794,3,1464
3795,6,1464
3796,4,1464
3797,3,1465
3798,6,1465
3799,4,1465
3800,3,1466
3801,6,1466
3802,3,1467
3803,6,1467
3804,4,1467
3805,3,1468
3806,6,1468
3807,2,1468
3808,5,1468
3809,7,1468
3810,4,1468
3811,3,1469
3812,6,1469
3813,3,1470
3814,6,1470
3815,3,1471
3816,6,1471
3817,3,1472
3818,6,1472
3819,3,1473
3820,6,1473
3821,4,1473
3822,3,1474
3823,6,1474
3824,3,1475
3825,6,1475
3826,4,1475
3827,3,1476
3828,6,1476
3829,3,1477
3830,6,1477
3831,3,1478
3832,6,1478
3833,3,1479
3834,6,1479
3835,3,1480
3836,6,1480
3837,4,1480
3838,3,1481
3839,6,1481
3840,4,1481
3841,3,1482
3842,6,1482
3843,3,1483
3844,6,1483
3845,4,1483
3846,3,1484
3847,6,1484
3848,4,1484
3849,3,1485
3850,6,1485
3851,3,1486
3852,6,1486
3853,4,1486
3854,5,1486
3855,3,1487
3856,6,1487
3857,3,1488
3858,6,1488
3859,3,1489
3860,6,1489
3861,4,1489
3862,3,1490
3863,6,1490
3864,4,1490
3865,3,1491
3866,6,1491
3867,3,1492
3868,6,1492
3869,3,1493
3870,6,1493
3871,3,1494
3872,6,1494
3873,3,1495
3874,6,1495
3875,3,1496
3876,6,1496
3877,4,1496
3878,3,1497
3879,6,1497
3880,3,1498
3881,6,1498
3882,3,1499
3883,6,1499
3884,4,1499
3885,3,1500
3886,6,1500
3887,3,1501
3888,6,1501
3889,4,1501
3890,3,1502
3891,6,1502
3892,3,1503
3893,6,1503
3894,3,1504
3895,6,1504
3896,3,1505
3897,6,1505
3898,3,1506
3899,6,1506
3900,3,1507
3901,6,1507
3902,3,1508
3903,6,1508
3904,3,1509
3905,6,1509
3906,3,1510
3907,6,1510
3908,3,1511
3909,6,1511
3910,4,1511
3911,3,1512
3912,6,1512
3913,3,1513
3914,6,1513
3915,3,1514
3916,6,1514
3917,3,1515
3918,6,1515
3919,3,1516
3920,6,1516
3921,4,1516
3922,3,1517
3923,6,1517
3924,4,1517
3925,3,1518
3926,6,1518
3927,4,1518
3928,3,1519
3929,6,1519
3930,3,1520
3931,6,1520
3932,4,1520
3933,3,1521
3934,6,1521
3935,4,1521
3936,3,1522
3937,6,1522
3938,4,1522
3939,3,1523
3940,6,1523
3941,4,1523
3942,3,1524
3943,6,1524
3944,4,1524
3945,3,1525
3946,6,1525
3947,4,1525
3948,3,1526
3949,6,1526
3950,4,1526
3951,3,1527
3952,6,1527
3953,4,1527
3954,3,1528
3955,6,1528
3956,4,1528
3957,3,1529
3958,6,1529
3959,3,1530
3960,6,1530
3961,3,1531
3962,6,1531
3963,4,1531
3964,3,1532
3965,6,1532
3966,4,1532
3967,3,1533
3968,6,1533
3969,4,1533
3970,3,1534
3971,6,1534
3972,3,1535
3973,6,1535
3974,3,1536
3975,6,1536
3976,3,1537
3977,6,1537
3978,3,1538
3979,6,1538
3980,3,1539
3981,6,1539
3982,4,1539
3983,3,1540
3984,6,1540
3985,3,1541
3986,6,1541
3987,4,1541
3988,3,1542
3989,6,1542
3990,4,1542
3991,3,1543
3992,6,1543
3993,4,1543
3994,3,1544
3995,6,1544
3996,4,1544
3997,3,1545
3998,6,1545
3999,3,1546
4000,6,1546
4001,3,1547
4002,6,1547
4003,3,1548
4004,6,1548
4005,3,1549
4006,6,1549
4007,3,1550
4008,6,1550
4009,4,1550
4010,3,1551
4011,6,1551
4012,3,1552
4013,6,1552
4014,3,1553
4015,6,1553
4016,4,1553
4017,3,1554
4018,6,1554
4019,3,1555
4020,6,1555
4021,3,1556
4022,6,1556
4023,4,1556
4024,3,1557
4025,6,1557
4026,3,1558
4027,6,1558
4028,3,1559
4029,6,1559
4030,4,1559
4031,3,1560
4032,6,1560
4033,4,1560
4034,3,1561
4035,6,1561
4036,3,1562
4037,6,1562
4038,3,1563
4039,6,1563
4040,3,1564
4041,6,1564
4042,3,1565
4043,6,1565
4044,3,1566
4045,6,1566
4046,3,1567
4047,6,1567
4048,3,1568
4049,6,1568
4050,3,1569
4051,6,1569
4052,4,1569
4053,3,1570
4054,6,1570
4055,4,1570
4056,3,1571
4057,6,1571
4058,3,1572
4059,6,1572
4060,3,1573
4061,6,1573
4062,4,1573
4063,3,1574
4064,6,1574
4065,3,1575
4066,6,1575
4067,3,1576
4068,6,1576
4069,3,1577
4070,6,1577
4071,3,1578
4072,6,1578
4073,3,1579
4074,6,1579
4075,3,1580
4076,6,1580
4077,4,1580
4078,3,1581
4079,6,1581
4080,3,1582
4081,6,1582
4082,3,1583
4083,6,1583
4084,3,1584
4085,6,1584
4086,4,1584
4087,3,1585
4088,6,1585
4089,3,1586
4090,6,1586
4091,3,1587
4092,6,1587
4093,3,1588
4094,6,1588
4095,3,1589
4096,6,1589
4097,4,1589
4098,3,1590
4099,6,1590
4100,3,1591
4101,6,1591
4102,3,1592
4103,6,1592
4104,3,1593
4105,6,1593
4106,3,1594
4107,6,1594
4108,3,1595
4109,6,1595
4110,4,1595
4111,3,1596
4112,6,1596
4113,4,1596
4114,3,1597
4115,6,1597
4116,3,1598
4117,6,1598
4118,4,1598
4119,3,1599
4120,6,1599
4121,3,1600
4122,6,1600
4123,3,1601
4124,6,1601
4125,3,1602
4126,6,1602
4127,3,1603
4128,6,1603
4129,3,1604
4130,6,1604
4131,4,1604
4132,3,1605
4133,6,1605
4134,3,1606
4135,6,1606
4136,3,1607
4137,6,1607
4138,4,1607
4139,3,1608
4140,6,1608
4141,3,1609
4142,6,1609
4143,3,1610
4144,6,1610
4145,4,1610
4146,3,1611
4147,6,1611
4148,3,1612
4149,6,1612
4150,3,1613
4151,6,1613
4152,3,1614
4153,6,1614
4154,3,1615
4155,6,1615
4156,4,1615
4157,6,1616
4158,2,1616
4159,5,1616
4160,7,1616
4161,3,1617
4162,6,1617
4163,3,1618
4164,6,1618
4165,3,1619
4166,6,1619
4167,3,1620
4168,6,1620
4169,3,1621
4170,6,1621
4171,4,1621
4172,3,1622
4173,6,1622
4174,3,1623
4175,6,1623
4176,3,1624
4177,6,1624
4178,4,1624
4179,3,1625
4180,6,1625
4181,3,1626
4182,6,1626
4183,3,1627
4184,6,1627
4185,3,1628
4186,6,1628
4187,3,1629
4188,6,1629
4189,3,1630
4190,6,1630
4191,3,1631
4192,6,1631
4193,3,1632
4194,6,1632
4195,4,1632
4196,3,1633
4197,6,1633
4198,4,1633
4199,3,1634
4200,6,1634
4201,3,1635
4202,6,1635
4203,3,1636
4204,6,1636
4205,4,1636
4206,3,1637
4207,6,1637
4208,4,1637
4209,3,1638
4210,6,1638
4211,3,1639
4212,6,1639
4213,3,1640
4214,6,1640
4215,3,1641
4216,6,1641
4217,4,1641
4218,3,1642
4219,6,1642
4220,4,1642
4221,3,1643
4222,6,1643
4223,3,1644
4224,6,1644
4225,3,1645
4226,6,1645
4227,3,1646
4228,6,1646
4229,3,1647
4230,6,1647
4231,4,1647
4232,3,1648
4233,6,1648
4234,3,1649
4235,6,1649
4236,3,1650
4237,6,1650
4238,3,1651
4239,6,1651
4240,3,1652
4241,6,1652
4242,3,1653
4243,6,1653
4244,3,1654
4245,6,1654
4246,4,1654
4247,3,1655
4248,6,1655
4249,3,1656
4250,6,1656
4251,3,1657
4252,6,1657
4253,3,1658
4254,6,1658
4255,4,1658
4256,3,1659
4257,6,1659
4258,3,1660
4259,6,1660
4260,4,1660
4261,3,1661
4262,4,1661
4263,6,1661
4264,3,1662
4265,4,1662
4266,6,1662
4267,3,1663
4268,4,1663
4269,6,1663
4270,3,1664
4271,4,1664
4272,6,1664
4273,3,1665
4274,4,1665
4275,6,1665
4276,3,1666
4277,4,1666
4278,6,1666
4279,3,1667
4280,6,1667
4281,3,1668
4282,6,1668
4283,3,1669
4284,6,1669
4285,4,1669
4286,2,1670
4287,4,1670
4288,3,1671
4289,4,1671
4290,6,1671
4291,3,1672
4292,4,1672
4293,6,1672
4294,3,1673
4295,4,1673
4296,6,1673
4297,3,1674
4298,4,1674
4299,6,1674
4300,3,1675
4301,4,1675
4302,6,1675
4303,3,1676
4304,4,1676
4305,6,1676
4306,3,1677
4307,4,1677
4308,6,1677
4309,3,1678
4310,4,1678
4311,6,1678
4312,3,1679
4313,4,1679
4314,6,1679
4315,3,1680
4316,4,1680
4317,6,1680
4318,3,1681
4319,4,1681
4320,6,1681
4321,3,1682
4322,4,1682
4323,6,1682
4324,3,1683
4325,4,1683
4326,6,1683
4327,3,1684
4328,4,1684
4329,6,1684
4330,3,1685
4331,4,1685
4332,6,1685
4333,3,1686
4334,4,1686
4335,6,1686
4336,3,1687
4337,4,1687
4338,6,1687
4339,3,1688
4340,4,1688
4341,6,1688
4342,3,1689
4343,4,1689
4344,6,1689
4345,3,1690
4346,4,1690
4347,6,1690
4348,3,1691
4349,4,1691
4350,6,1691
4351,3,1692
4352,4,1692
4353,6,1692
4354,3,1693
4355,4,1693
4356,6,1693
4357,3,1694
4358,4,1694
4359,6,1694
4360,3,1695
4361,4,1695
4362,6,1695
4363,3,1696
4364,4,1696
4365,6,1696
4366,3,1697
4367,4,1697
4368,6,1697
4369,3,1698
4370,4,1698
4371,6,1698
4372,3,1699
4373,4,1699
4374,6,1699
4375,3,1700
4376,4,1700
4377,6,1700
4378,3,1701
4379,4,1701
4380,6,1701
4381,3,1702
4382,4,1702
4383,6,1702
4384,3,1703
4385,4,1703
4386,6,1703
4387,3,1704
4388,4,1704
4389,6,1704
4390,3,1705
4391,4,1705
4392,6,1705
4393,3,1706
4394,4,1706
4395,6,1706
4396,3,1707
4397,4,1707
4398,6,1707
4399,3,1708
4400,4,1708
4401,6,1708
4402,3,1709
4403,4,1709
4404,6,1709
4405,3,1710
4406,4,1710
4407,6,1710
4408,3,1711
4409,4,1711
4410,6,1711
4411,3,1712
4412,4,1712
4413,6,1712
4414,3,1713
4415,4,1713
4416,6,1713
4417,3,1714
4418,4,1714
4419,6,1714
4420,3,1715
4421,4,1715
4422,6,1715
4423,3,1716
4424,4,1716
4425,6,1716
4426,3,1717
4427,4,1717
4428,6,1717
4429,3,1718
4430,4,1718
4431,6,1718
4432,3,1719
4433,4,1719
4434,6,1719
4435,3,1720
4436,4,1720
4437,6,1720
4438,3,1721
4439,4,1721
4440,6,1721
4441,3,1722
4442,4,1722
4443,6,1722
4444,3,1723
4445,4,1723
4446,6,1723
4447,3,1724
4448,4,1724
4449,6,1724
4450,3,1725
4451,4,1725
4452,6,1725
4453,3,1726
4454,4,1726
4455,6,1726
4456,3,1727
4457,4,1727
4458,6,1727
4459,3,1728
4460,4,1728
4461,6,1728
4462,3,1729
4463,4,1729
4464,6,1729
4465,3,1730
4466,4,1730
4467,6,1730
4468,3,1731
4469,4,1731
4470,6,1731
4471,3,1732
4472,4,1732
4473,6,1732
4474,3,1733
4475,4,1733
4476,6,1733
4477,3,1734
4478,4,1734
4479,6,1734
4480,3,1735
4481,4,1735
4482,6,1735
4483,3,1736
4484,4,1736
4485,6,1736
4486,3,1737
4487,4,1737
4488,6,1737
4489,3,1738
4490,4,1738
4491,6,1738
4492,3,1739
4493,4,1739
4494,6,1739
4495,3,1740
4496,4,1740
4497,6,1740
4498,3,1741
4499,4,1741
4500,6,1741
4501,3,1742
4502,4,1742
4503,6,1742
4504,3,1743
4505,4,1743
4506,6,1743
4507,3,1744
4508,4,1744
4509,6,1744
4510,3,1745
4511,4,1745
4512,6,1745
4513,3,1746
4514,4,1746
4515,6,1746
4516,3,1747
4517,4,1747
4518,6,1747
4519,3,1748
4520,4,1748
4521,6,1748
4522,3,1749
4523,4,1749
4524,6,1749
4525,3,1750
4526,4,1750
4527,6,1750
4528,3,1751
4529,4,1751
4530,6,1751
4531,3,1752
4532,4,1752
4533,6,1752
4534,3,1753
4535,4,1753
4536,6,1753
4537,3,1754
4538,4,1754
4539,6,1754
4540,3,1755
4541,4,1755
4542,6,1755
4543,3,1756
4544,4,1756
4545,6,1756
4546,3,1757
4547,4,1757
4548,6,1757
4549,3,1758
4550,4,1758
4551,6,1758
4552,3,1759
4553,4,1759
4554,6,1759
4555,3,1760
4556,4,1760
4557,6,1760
4558,3,1761
4559,4,1761
4560,6,1761
4561,3,1762
4562,4,1762
4563,6,1762
4564,3,1763
4565,4,1763
4566,6,1763
4567,3,1764
4568,4,1764
4569,6,1764
4570,3,1765
4571,4,1765
4572,6,1765
4573,3,1766
4574,4,1766
4575,6,1766
4576,3,1767
4577,4,1767
4578,6,1767
4579,3,1768
4580,4,1768
4581,6,1768
4582,3,1769
4583,4,1769
4584,6,1769
4585,3,1770
4586,4,1770
4587,6,1770
4588,3,1771
4589,4,1771
4590,6,1771
4591,3,1772
4592,4,1772
4593,6,1772
4594,3,1773
4595,4,1773
4596,6,1773
4597,3,1774
4598,4,1774
4599,6,1774
4600,3,1775
4601,4,1775
4602,6,1775
4603,3,1776
4604,4,1776
4605,6,1776
4606,3,1777
4607,4,1777
4608,6,1777
4609,3,1778
4610,4,1778
4611,6,1778
4612,3,1779
4613,4,1779
4614,6,1779
4615,3,1780
4616,4,1780
4617,6,1780
4618,3,1781
4619,4,1781
4620,6,1781
4621,3,1782
4622,4,1782
4623,6,1782
4624,3,1783
4625,4,1783
4626,6,1783
4627,3,1784
4628,4,1784
4629,6,1784
4630,3,1785
4631,4,1785
4632,6,1785
4633,3,1786
4634,4,1786
4635,6,1786
4636,3,1787
4637,4,1787
4638,6,1787
4639,3,1788
4640,4,1788
4641,6,1788
4642,3,1789
4643,4,1789
4644,6,1789
4645,3,1790
4646,4,1790
4647,6,1790
4648,3,1791
4649,4,1791
4650,6,1791
4651,3,1792
4652,4,1792
4653,6,1792
4654,3,1793
4655,4,1793
4656,6,1793
4657,3,1794
4658,4,1794
4659,6,1794
4660,3,1795
4661,4,1795
4662,6,1795
4663,3,1796
4664,4,1796
4665,6,1796
4666,3,1797
4667,4,1797
4668,6,1797
4669,3,1798
4670,4,1798
4671,6,1798
4672,3,1799
4673,4,1799
4674,6,1799
4675,3,1800
4676,4,1800
4677,6,1800
4678,2,1801
4679,3,1801
4680,4,1801
4681,6,1801
4682,3,1802
4683,4,1802
4684,6,1802
4685,4,1803
4686,4,1804
4687,4,1805
4688,4,1806
4689,4,1807
4690,2,1808
4691,4,1809
4692,4,1810
4693,4,1811
4694,4,1812
4695,4,1813
4696,4,1814
4697,4,1815
4698,4,1816
4699,4,1817
4700,4,1818
4701,4,1819
4702,4,1820
4703,4,1821
4704,4,1822
4705,4,1823
4706,4,1824
4707,4,1825
4708,4,1826
4709,4,1827
4710,4,1828
4711,3,1828
4712,4,1829
4713,4,1830
4714,4,1831
4715,4,1832
4716,4,1833
4717,2,1834
4718,4,1835
4719,4,1836
4720,4,1837
4721,4,1838
4722,4,1839
4723,4,1840
4724,4,1841
4725,4,1842
4726,4,1843
4727,4,1844
4728,4,1845
4729,4,1846
4730,4,1847
4731,4,1848
4732,4,1849
4733,4,1850
4734,4,1851
4735,4,1852
4736,4,1853
4737,4,1854
4738,4,1855
4739,4,1856
4740,4,1857
4741,4,1858
4742,4,1859
4743,4,1860
4744,7,1861
4745,7,1862
4746,7,1863
4747,7,1864
4748,7,1865
4749,6,1866
4750,6,1867
4751,6,1868
4752,6,1869
4753,6,1870
4754,6,1871
4755,6,1872
4756,4,1872
4757,6,1873
4758,6,1874
4759,6,1875
4760,6,1876
4761,6,1877
4762,2,1878
4763,3,1878
4764,6,1878
4765,6,1879
4766,6,1880
4767,6,1881
4768,6,1882
4769,6,1883
4770,6,1884
4771,6,1885
4772,6,1886
4773,6,1887
4774,6,1888
4775,6,1889
4776,6,1890
4777,6,1891
4778,6,1892
4779,6,1893
4780,6,1894
4781,6,1895
4782,6,1896
4783,6,1897
4784,6,1898
4785,6,1899
4786,6,1900
4787,6,1901
4788,6,1902
4789,6,1903
4790,6,1904
4791,6,1905
4792,6,1906
4793,6,1907
4794,6,1908
4795,6,1909
4796,6,1910
4797,6,1911
4798,6,1912
4799,6,1913
4800,6,1914
4801,6,1915
4802,6,1916
4803,6,1917
4804,6,1918
4805,6,1919
4806,6,1920
4807,6,1921
4808,6,1922
4809,6,1923
4810,6,1924
4811,6,1925
4812,6,1926
4813,6,1927
4814,6,1928
4815,6,1929
4816,4,1929
4817,6,1930
4818,6,1931
4819,6,1932
4820,6,1933
4821,6,1934
4822,6,1935
4823,6,1936
4824,6,1937
4825,6,1938
4826,6,1939
4827,6,1940
4828,6,1941
4829,6,1942
4830,6,1943
4831,6,1944
4832,6,1945
4833,6,1946
4834,6,1947
4835,6,1948
4836,6,1949
4837,6,1950
4838,6,1951
4839,6,1952
4840,6,1953
4841,6,1954
4842,6,1955
4843,6,1956
4844,6,1957
4845,6,1958
4846,4,1959
4847,6,1959
4848,6,1960
4849,6,1961
4850,3,1962
4851,2,1963
4852,5,1963
4853,7,1963
4854,3,1964
4855,7,1965
4856,3,1966
4857,2,1967
4858,5,1967
4859,7,1967
4860,3,1968
4861,3,1969
4862,3,1970
4863,3,1971
4864,2,1972
4865,3,1973
4866,4,1974
4867,3,1975
4868,5,1975
4869,3,1976
4870,5,1976
4871,2,1977
4872,5,1977
4873,7,1977
4874,3,1978
4875,6,1978
4876,3,1979
4877,3,1980
4878,2,1981
4879,5,1981
4880,7,1981
4881,5,1982
4882,6,1982
4883,5,1983
4884,6,1983
4885,5,1984
4886,6,1984
4887,3,1985
4888,6,1985
4889,2,1986
4890,5,1986
4891,7,1986
4892,2,1987
4893,2,1988
4894,6,1989
4895,2,1990
4896,3,1991
4897,6,1991
4898,4,1992
4899,3,1993
4900,6,1993
4901,3,1994
4902,3,1995
4903,6,1995
4904,3,1996
4905,6,1996
4906,3,1997
4907,3,1998
4908,3,1999
4909,6,1999
4910,3,2000
4911,6,2000
4912,3,2001
4913,6,2001
4914,3,2002
4915,6,2002
4916,3,2003
4917,6,2003
4918,3,2004
4919,6,2004
4920,3,2005
4921,6,2005
4922,3,2006
4923,6,2006
4924,3,2007
4925,6,2007
4926,3,2008
4927,6,2008
4928,3,2009
4929,6,2009
4930,3,2010
4931,6,2010
4932,3,2011
4933,6,2011
4934,3,2012
4935,6,2012
4936,3,2013
4937,6,2013
4938,3,2014
4939,6,2014
4940,3,2015
4941,6,2015
4942,3,2016
4943,6,2016
4944,3,2017
4945,6,2017
4946,3,2018
4947,6,2018
4948,3,2019
4949,6,2019
4950,3,2020
4951,6,2020
4952,3,2021
4953,6,2021
4954,3,2022
4955,6,2022
4956,3,2023
4957,6,2023
4958,3,2024
4959,6,2024
4960,3,2025
4961,6,2025
4962,3,2026
4963,6,2026
4964,3,2027
4965,6,2027
4966,3,2028
4967,6,2028
4968,3,2029
4969,6,2029
4970,3,2030
4971,6,2030
4972,3,2031
4973,6,2031
4974,3,2032
4975,6,2032
4976,3,2033
4977,6,2033
4978,7,2034
4979,7,2035
4980,7,2036
4981,7,2037
4982,7,2038
4983,6,2038
4984,7,2039
4985,7,2040
4986,7,2041
4987,7,2042
4988,5,2043
4989,7,2043
4990,5,2044
4991,7,2044
4992,7,2045
4993,7,2046
4994,7,2047
4995,5,2048
4996,7,2048
4997,7,2049
4998,7,2050
4999,5,2051
5000,7,2051
5001,7,2052
5002,5,2053
5003,7,2053
5004,5,2054
5005,7,2054
5006,5,2055
5007,7,2055
5008,5,2056
5009,7,2056
5010,5,2057
5011,7,2057
5012,7,2058
5013,7,2059
5014,3,2060
5015,6,2060
5016,7,2060
5017,5,2061
5018,7,2061
5019,7,2062
5020,7,2063
5021,7,2064
5022,7,2065
5023,3,2066
5024,6,2066
5025,7,2066
5026,7,2067
5027,7,2068
5028,3,2069
5029,5,2069
5030,6,2069
5031,7,2069
5032,3,2070
5033,5,2070
5034,6,2070
5035,7,2070
5036,7,2071
5037,5,2072
5038,7,2072
5039,3,2073
5040,5,2073
5041,6,2073
5042,7,2073
5043,5,2074
5044,7,2074
5045,7,2075
5046,7,2076
5047,7,2077
5048,7,2078
5049,5,2079
5050,7,2079
5051,5,2080
5052,7,2080
5053,7,2081
5054,7,2082
5055,7,2083
5056,7,2084
5057,7,2085
5058,7,2086
5059,7,2087
5060,7,2088
5061,7,2089
5062,3,2090
5063,5,2090
5064,6,2090
5065,7,2090
5066,7,2091
5067,3,2092
5068,5,2092
5069,6,2092
5070,7,2092
5071,5,2093
5072,7,2093
5073,5,2094
5074,7,2094
5075,7,2095
5076,3,2096
5077,5,2096
5078,6,2096
5079,7,2096
5080,7,2097
5081,5,2098
5082,7,2098
5083,7,2099
5084,5,2100
5085,7,2100
5086,7,2101
5087,7,2102
5088,7,2103
5089,5,2104
5090,7,2104
5091,3,2105
5092,6,2105
5093,7,2105
5094,7,2106
5095,3,2107
5096,6,2107
5097,7,2107
5098,3,2108
5099,6,2108
5100,7,2108
5101,6,2109
5102,7,2109
5103,7,2110
5104,7,2111
5105,3,2112
5106,6,2112
5107,7,2112
5108,3,2113
5109,6,2113
5110,5,2113
5111,7,2113
5112,7,2114
5113,3,2115
5114,6,2115
5115,7,2115
5116,3,2116
5117,6,2116
5118,7,2116
5119,5,2117
5120,7,2117
5121,7,2118
5122,7,2119
5123,6,2120
5124,7,2120
5125,7,2121
5126,5,2122
5127,7,2122
5128,5,2123
5129,7,2123
5130,5,2124
5131,7,2124
5132,7,2125
5133,5,2126
5134,7,2126
5135,7,2127
5136,5,2128
5137,7,2128
5138,5,2129
5139,7,2129
5140,7,2130
5141,5,2131
5142,7,2131
5143,5,2132
5144,7,2132
5145,3,2133
5146,6,2133
5147,7,2133
5148,7,2134
5149,7,2135
5150,7,2136
5151,7,2137
5152,7,2138
5153,7,2139
5154,7,2140
5155,7,2141
5156,7,2142
5157,7,2143
5158,7,2144
5159,3,2145
5160,6,2145
5161,5,2145
5162,7,2145
5163,7,2146
5164,7,2147
5165,5,2148
5166,7,2148
5167,7,2149
5168,3,2150
5169,6,2150
5170,5,2150
5171,7,2150
5172,7,2151
5173,5,2152
5174,7,2152
5175,5,2153
5176,7,2153
5177,7,2154
5178,7,2155
5179,3,2156
5180,6,2156
5181,5,2156
5182,7,2156
5183,3,2157
5184,6,2157
5185,7,2157
5186,7,2158
5187,3,2159
5188,7,2159
5189,5,2160
5190,7,2160
5191,6,2161
5192,7,2161
5193,7,2162
5194,5,2163
5195,7,2163
5196,7,2164
5197,7,2165
5198,5,2166
5199,7,2166
5200,3,2167
5201,6,2167
5202,7,2167
5203,7,2168
5204,7,2169
5205,7,2170
5206,3,2171
5207,6,2171
5208,7,2171
5209,7,2172
5210,7,2173
5211,3,2174
5212,6,2174
5213,7,2174
5214,5,2175
5215,7,2175
5216,3,2176
5217,6,2176
5218,5,2176
5219,7,2176
5220,3,2177
5221,6,2177
5222,7,2177
5223,3,2178
5224,6,2178
5225,7,2178
5226,7,2179
5227,3,2180
5228,6,2180
5229,7,2180
5230,3,2181
5231,6,2181
5232,5,2181
5233,7,2181
5234,3,2182
5235,6,2182
5236,7,2182
5237,7,2183
5238,3,2184
5239,6,2184
5240,7,2184
5241,7,2185
5242,3,2186
5243,6,2186
5244,7,2186
5245,7,2187
5246,3,2188
5247,6,2188
5248,7,2188
5249,3,2189
5250,6,2189
5251,7,2189
5252,7,2190
5253,3,2191
5254,6,2191
5255,7,2191
5256,3,2192
5257,6,2192
5258,7,2192
5259,3,2193
5260,6,2193
5261,5,2193
5262,7,2193
5263,7,2194
5264,7,2195
5265,3,2196
5266,6,2196
5267,5,2196
5268,7,2196
5269,7,2197
5270,5,2198
5271,7,2198
5272,5,2199
5273,7,2199
5274,7,2200
5275,7,2201
5276,3,2202
5277,6,2202
5278,7,2202
5279,7,2203
5280,5,2204
5281,7,2204
5282,7,2205
5283,7,2206
5284,7,2207
5285,7,2208
5286,3,2209
5287,6,2209
5288,7,2209
5289,3,2210
5290,6,2210
5291,7,2210
5292,3,2211
5293,6,2211
5294,7,2211
5295,7,2212
5296,7,2213
5297,7,2214
5298,7,2215
5299,7,2216
5300,3,2217
5301,6,2217
5302,7,2217
5303,3,2218
5304,6,2218
5305,7,2218
5306,7,2219
5307,3,2220
5308,6,2220
5309,7,2220
5310,6,2221
5311,7,2221
5312,3,2222
5313,6,2222
5314,7,2222
5315,7,2223
5316,7,2224
5317,7,2225
5318,3,2226
5319,6,2226
5320,5,2226
5321,7,2226
5322,5,2227
5323,7,2227
5324,3,2228
5325,6,2228
5326,7,2228
5327,7,2229
5328,7,2230
5329,7,2231
5330,3,2232
5331,6,2232
5332,7,2232
5333,7,2233
5334,5,2234
5335,7,2234
5336,3,2235
5337,6,2235
5338,7,2235
5339,7,2236
5340,7,2237
5341,7,2238
5342,3,2239
5343,6,2239
5344,7,2239
5345,7,2240
5346,7,2241
5347,7,2242
5348,7,2243
5349,3,2244
5350,6,2244
5351,7,2244
5352,7,2245
5353,7,2246
5354,7,2247
5355,7,2248
5356,3,2249
5357,6,2249
5358,7,2249
5359,3,2250
5360,6,2250
5361,5,2250
5362,7,2250
5363,7,2251
5364,5,2252
5365,7,2252
5366,3,2253
5367,6,2253
5368,7,2253
5369,3,2254
5370,6,2254
5371,7,2254
5372,3,2255
5373,6,2255
5374,7,2255
5375,3,2256
5376,6,2256
5377,5,2256
5378,7,2256
5379,7,2257
5380,7,2258
5381,7,2259
5382,5,2259
5383,7,2260
5384,5,2261
5385,7,2261
5386,7,2262
5387,7,2263
5388,5,2264
5389,7,2264
5390,5,2265
5391,7,2265
5392,3,2266
5393,6,2266
5394,5,2266
5395,7,2266
5396,3,2267
5397,6,2267
5398,7,2267
5399,6,2268
5400,7,2268
5401,7,2269
5402,3,2270
5403,6,2270
5404,7,2270
5405,7,2271
5406,7,2272
5407,3,2273
5408,6,2273
5409,7,2273
5410,7,2274
5411,3,2275
5412,6,2275
5413,7,2275
5414,5,2276
5415,7,2276
5416,3,2277
5417,6,2277
5418,7,2277
5419,3,2278
5420,6,2278
5421,7,2278
5422,7,2279
5423,3,2280
5424,6,2280
5425,5,2280
5426,7,2280
5427,7,2281
5428,7,2282
5429,3,2283
5430,6,2283
5431,7,2283
5432,7,2284
5433,6,2285
5434,5,2285
5435,7,2285
5436,7,2286
5437,7,2287
5438,7,2288
5439,7,2289
5440,7,2290
5441,5,2291
5442,7,2291
5443,7,2292
5444,5,2293
5445,7,2293
5446,5,2294
5447,7,2294
5448,7,2295
5449,7,2296
5450,7,2297
5451,3,2298
5452,6,2298
5453,7,2298
5454,7,2299
5455,7,2300
5456,3,2301
5457,6,2301
5458,7,2301
5459,3,2302
5460,6,2302
5461,7,2302
5462,3,2303
5463,6,2303
5464,7,2303
5465,3,2304
5466,6,2304
5467,7,2304
5468,5,2305
5469,7,2305
5470,7,2306
5471,3,2307
5472,6,2307
5473,7,2307
5474,3,2308
5475,6,2308
5476,7,2308
5477,7,2309
5478,3,2310
5479,6,2310
5480,5,2310
5481,7,2310
5482,5,2311
5483,7,2311
5484,7,2312
5485,3,2313
5486,6,2313
5487,7,2313
5488,7,2314
5489,3,2315
5490,6,2315
5491,7,2315
5492,5,2316
5493,7,2316
5494,3,2317
5495,6,2317
5496,7,2317
5497,7,2318
5498,7,2319
5499,7,2320
5500,3,2321
5501,6,2321
5502,7,2321
5503,7,2322
5504,7,2323
5505,7,2324
5506,3,2325
5507,6,2325
5508,5,2325
5509,7,2325
5510,6,2326
5511,7,2326
5512,6,2327
5513,7,2327
5514,7,2328
5515,5,2329
5516,7,2329
5517,7,2330
5518,3,2331
5519,6,2331
5520,7,2331
5521,5,2332
5522,7,2332
5523,7,2333
5524,7,2334
5525,7,2335
5526,7,2336
5527,7,2337
5528,5,2338
5529,7,2338
5530,7,2339
5531,3,2340
5532,6,2340
5533,7,2340
5534,5,2341
5535,7,2341
5536,3,2342
5537,6,2342
5538,7,2342
5539,7,2343
5540,7,2344
5541,3,2345
5542,6,2345
5543,7,2345
5544,7,2346
5545,7,2347
5546,5,2348
5547,7,2348
5548,7,2349
5549,7,2350
5550,7,2351
5551,6,2352
5552,7,2352
5553,7,2353
5554,5,2354
5555,7,2354
5556,7,2355
5557,7,2356
5558,3,2357
5559,6,2357
5560,7,2357
5561,7,2358
5562,5,2359
5563,7,2359
5564,7,2360
5565,5,2361
5566,7,2361
5567,7,2362
5568,3,2363
5569,6,2363
5570,7,2363
5571,7,2364
5572,3,2365
5573,6,2365
5574,7,2365
5575,7,2366
5576,5,2367
5577,7,2367
5578,7,2368
5579,3,2369
5580,6,2369
5581,7,2369
5582,3,2370
5583,6,2370
5584,7,2370
5585,3,2371
5586,6,2371
5587,7,2371
5588,7,2372
5589,7,2373
5590,3,2374
5591,6,2374
5592,7,2374
5593,6,2375
5594,5,2375
5595,7,2375
5596,7,2376
5597,7,2377
5598,7,2378
5599,7,2379
5600,7,2380
5601,7,2381
5602,7,2382
5603,7,2383
5604,3,2384
5605,6,2384
5606,7,2384
5607,7,2385
5608,3,2386
5609,6,2386
5610,7,2386
5611,5,2387
5612,3,2387
5613,6,2387
5614,7,2387
5615,5,2388
5616,7,2388
5617,7,2389
5618,7,2390
5619,7,2391
5620,7,2392
5621,7,2393
5622,7,2394
5623,7,2395
5624,3,2396
5625,6,2396
5626,7,2396
5627,7,2397
5628,7,2398
5629,3,2399
5630,6,2399
5631,7,2399
5632,3,2400
5633,6,2400
5634,7,2400
5635,3,2401
5636,6,2401
5637,7,2401
5638,7,2402
5639,3,2403
5640,6,2403
5641,7,2403
5642,7,2404
5643,7,2405
5644,7,2406
5645,7,2407
5646,3,2408
5647,6,2408
5648,7,2408
5649,3,2409
5650,6,2409
5651,7,2409
5652,7,2410
5653,3,2411
5654,6,2411
5655,7,2411
5656,7,2412
5657,7,2413
5658,3,2414
5659,6,2414
5660,7,2414
5661,3,2415
5662,6,2415
5663,7,2415
5664,7,2416
5665,5,2417
5666,7,2417
5667,7,2418
5668,7,2419
5669,3,2420
5670,6,2420
5671,7,2420
5672,5,2421
5673,7,2421
5674,7,2422
5675,7,2423
5676,7,2424
5677,5,2425
5678,7,2425
5679,5,2426
5680,7,2426
5681,7,2427
5682,3,2428
5683,6,2428
5684,5,2428
5685,7,2428
5686,3,2429
5687,6,2429
5688,7,2429
5689,3,2430
5690,6,2430
5691,7,2430
5692,3,2431
5693,6,2431
5694,7,2431
5695,7,2432
5696,3,2433
5697,6,2433
5698,7,2433
5699,7,2434
5700,5,2435
5701,7,2435
5702,7,2436
5703,3,2437
5704,6,2437
5705,7,2437
5706,3,2438
5707,6,2438
5708,7,2438
5709,3,2439
5710,6,2439
5711,7,2439
5712,7,2440
5713,7,2441
5714,7,2442
5715,7,2443
5716,3,2444
5717,6,2444
5718,7,2444
5719,3,2445
5720,6,2445
5721,7,2445
5722,7,2446
5723,5,2447
5724,7,2447
5725,7,2448
5726,3,2449
5727,6,2449
5728,5,2449
5729,7,2449
5730,5,2450
5731,7,2450
5732,7,2451
5733,5,2452
5734,3,2452
5735,6,2452
5736,7,2452
5737,7,2453
5738,3,2454
5739,6,2454
5740,7,2454
5741,3,2455
5742,6,2455
5743,7,2455
5744,7,2456
5745,5,2457
5746,7,2457
5747,3,2458
5748,6,2458
5749,7,2458
5750,7,2459
5751,5,2460
5752,7,2460
5753,7,2461
5754,3,2462
5755,6,2462
5756,7,2462
5757,3,2463
5758,6,2463
5759,7,2463
5760,5,2464
5761,7,2464
5762,3,2465
5763,6,2465
5764,7,2465
5765,7,2466
5766,7,2467
5767,7,2468
5768,6,2469
5769,7,2469
5770,5,2470
5771,7,2470
5772,5,2471
5773,7,2471
5774,7,2472
5775,3,2473
5776,6,2473
5777,7,2473
5778,7,2474
5779,7,2475
5780,3,2476
5781,6,2476
5782,5,2476
5783,7,2476
5784,5,2477
5785,7,2477
5786,3,2478
5787,6,2478
5788,5,2478
5789,7,2478
5790,7,2479
5791,5,2480
5792,7,2480
5793,5,2481
5794,7,2481
5795,5,2482
5796,7,2482
5797,7,2483
5798,5,2484
5799,7,2484
5800,7,2485
5801,3,2486
5802,6,2486
5803,7,2486
5804,7,2487
5805,5,2488
5806,7,2488
5807,3,2489
5808,6,2489
5809,7,2489
5810,7,2490
5811,7,2491
5812,3,2492
5813,6,2492
5814,7,2492
5815,6,2493
5816,5,2493
5817,7,2493
5818,7,2494
5819,7,2495
5820,5,2496
5821,7,2496
5822,7,2497
5823,7,2498
5824,7,2499
5825,5,2500
5826,7,2500
5827,7,2501
5828,7,2502
5829,5,2503
5830,3,2503
5831,6,2503
5832,7,2503
5833,7,2504
5834,5,2505
5835,7,2505
5836,3,2506
5837,6,2506
5838,7,2506
5839,7,2507
5840,5,2508
5841,7,2508
5842,7,2509
5843,7,2510
5844,7,2511
5845,7,2512
5846,3,2513
5847,6,2513
5848,5,2513
5849,7,2513
5850,7,2514
5851,3,2515
5852,6,2515
5853,7,2515
5854,3,2516
5855,6,2516
5856,7,2516
5857,7,2517
5858,7,2518
5859,6,2519
5860,7,2519
5861,3,2520
5862,6,2520
5863,5,2520
5864,7,2520
5865,3,2521
5866,6,2521
5867,7,2521
5868,7,2522
5869,3,2523
5870,6,2523
5871,7,2523
5872,7,2524
5873,7,2525
5874,7,2526
5875,3,2527
5876,6,2527
5877,7,2527
5878,7,2528
5879,7,2529
5880,3,2530
5881,6,2530
5882,7,2530
5883,5,2531
5884,3,2531
5885,6,2531
5886,7,2531
5887,7,2532
5888,7,2533
5889,3,2534
5890,6,2534
5891,5,2534
5892,7,2534
5893,3,2535
5894,6,2535
5895,7,2535
5896,3,2536
5897,6,2536
5898,5,2536
5899,7,2536
5900,6,2537
5901,5,2537
5902,7,2537
5903,3,2538
5904,6,2538
5905,5,2538
5906,7,2538
5907,7,2539
5908,3,2540
5909,6,2540
5910,7,2540
5911,3,2541
5912,6,2541
5913,7,2541
5914,7,2542
5915,7,2543
5916,7,2544
5917,5,2545
5918,7,2545
5919,3,2546
5920,6,2546
5921,7,2546
5922,5,2547
5923,7,2547
5924,3,2548
5925,6,2548
5926,5,2548
5927,7,2548
5928,5,2549
5929,7,2549
5930,5,2550
5931,7,2550
5932,3,2551
5933,6,2551
5934,5,2551
5935,7,2551
5936,7,2552
5937,5,2553
5938,7,2553
5939,3,2554
5940,6,2554
5941,5,2554
5942,7,2554
5943,5,2555
5944,7,2555
5945,5,2556
5946,7,2556
5947,7,2557
5948,7,2558
5949,5,2559
5950,7,2559
5951,7,2560
5952,7,2561
5953,3,2562
5954,6,2562
5955,7,2562
5956,7,2563
5957,7,2564
5958,7,2565
5959,7,2566
5960,3,2567
5961,6,2567
5962,7,2567
5963,7,2568
5964,7,2569
5965,7,2570
5966,7,2571
5967,7,2572
5968,7,2573
5969,7,2574
5970,7,2575
5971,3,2576
5972,6,2576
5973,7,2576
5974,5,2577
5975,7,2577
5976,5,2578
5977,7,2578
5978,7,2579
5979,3,2580
5980,6,2580
5981,7,2580
5982,7,2581
5983,7,2582
5984,3,2583
5985,6,2583
5986,7,2583
5987,7,2584
5988,3,2585
5989,6,2585
5990,7,2585
5991,3,2586
5992,6,2586
5993,7,2586
5994,7,2587
5995,7,2588
5996,3,2589
5997,6,2589
5998,7,2589
5999,3,2590
6000,6,2590
6001,7,2590
6002,3,2591
6003,6,2591
6004,7,2591
6005,5,2592
6006,7,2592
6007,7,2593
6008,3,2594
6009,6,2594
6010,7,2594
6011,7,2595
6012,7,2596
6013,3,2597
6014,6,2597
6015,7,2597
6016,7,2598
6017,3,2599
6018,6,2599
6019,7,2599
6020,3,2600
6021,6,2600
6022,7,2600
6023,3,2601
6024,6,2601
6025,7,2601
6026,3,2602
6027,6,2602
6028,7,2602
6029,7,2603
6030,3,2604
6031,6,2604
6032,7,2604
6033,3,2605
6034,6,2605
6035,7,2605
6036,3,2606
6037,6,2606
6038,7,2606
6039,3,2607
6040,5,2607
6041,7,2607
6042,3,2608
6043,6,2608
6044,7,2608
6045,7,2609
6046,7,2610
6047,7,2611
6048,7,2612
6049,7,2613
6050,3,2614
6051,6,2614
6052,7,2614
6053,3,2615
6054,6,2615
6055,7,2615
6056,7,2616
6057,3,2617
6058,7,2617
6059,3,2618
6060,6,2618
6061,7,2618
6062,5,2619
6063,7,2619
6064,3,2620
6065,6,2620
6066,7,2620
6067,5,2621
6068,7,2621
6069,7,2622
6070,3,2623
6071,6,2623
6072,7,2623
6073,7,2624
6074,6,2625
6075,7,2625
6076,7,2626
6077,7,2627
6078,7,2628
6079,6,2629
6080,5,2629
6081,7,2629
6082,7,2630
6083,6,2631
6084,5,2631
6085,7,2631
6086,7,2632
6087,5,2633
6088,7,2633
6089,5,2634
6090,7,2634
6091,3,2635
6092,6,2635
6093,5,2635
6094,7,2635
6095,3,2636
6096,6,2636
6097,7,2636
6098,7,2637
6099,7,2638
6100,7,2639
6101,5,2640
6102,7,2640
6103,5,2641
6104,7,2641
6105,7,2642
6106,3,2643
6107,6,2643
6108,7,2643
6109,3,2644
6110,6,2644
6111,7,2644
6112,7,2645
6113,7,2646
6114,7,2647
6115,7,2648
6116,3,2649
6117,6,2649
6118,5,2649
6119,7,2649
6120,7,2650
6121,7,2651
6122,7,2652
6123,3,2653
6124,6,2653
6125,7,2653
6126,7,2654
6127,7,2655
6128,7,2656
6129,7,2657
6130,3,2658
6131,6,2658
6132,7,2658
6133,3,2659
6134,6,2659
6135,5,2659
6136,7,2659
6137,7,2660
6138,7,2661
6139,7,2662
6140,6,2663
6141,7,2663
6142,5,2664
6143,7,2664
6144,7,2665
6145,3,2666
6146,6,2666
6147,7,2666
6148,3,2667
6149,6,2667
6150,7,2667
6151,7,2668
6152,7,2669
6153,7,2670
6154,7,2671
6155,3,2672
6156,6,2672
6157,7,2672
6158,7,2673
6159,3,2674
6160,6,2674
6161,7,2674
6162,5,2675
6163,7,2675
6164,5,2676
6165,7,2676
6166,7,2677
6167,7,2678
6168,3,2679
6169,6,2679
6170,7,2679
6171,3,2680
6172,7,2680
6173,3,2681
6174,6,2681
6175,7,2681
6176,7,2682
6177,3,2683
6178,6,2683
6179,7,2683
6180,3,2684
6181,6,2684
6182,7,2684
6183,7,2685
6184,3,2686
6185,6,2686
6186,7,2686
6187,3,2687
6188,6,2687
6189,7,2687
6190,3,2688
6191,6,2688
6192,7,2688
6193,5,2689
6194,7,2689
6195,7,2690
6196,5,2691
6197,7,2691
6198,3,2692
6199,6,2692
6200,7,2692
6201,7,2693
6202,7,2694
6203,5,2695
6204,7,2695
6205,7,2696
6206,3,2697
6207,7,2697
6208,3,2698
6209,6,2698
6210,7,2698
6211,7,2699
6212,7,2700
6213,7,2701
6214,7,2702
6215,7,2703
6216,7,2704
6217,3,2705
6218,6,2705
6219,7,2705
6220,3,2706
6221,6,2706
6222,7,2706
6223,5,2707
6224,7,2707
6225,5,2708
6226,7,2708
6227,7,2709
6228,5,2710
6229,7,2710
6230,3,2711
6231,6,2711
6232,7,2711
6233,3,2712
6234,6,2712
6235,7,2712
6236,7,2713
6237,5,2714
6238,3,2714
6239,6,2714
6240,7,2714
6241,7,2715
6242,7,2716
6243,7,2717
6244,7,2718
6245,7,2719
6246,3,2720
6247,6,2720
6248,7,2720
6249,3,2721
6250,6,2721
6251,7,2721
6252,3,2722
6253,6,2722
6254,7,2722
6255,7,2723
6256,7,2724
6257,7,2725
6258,7,2726
6259,3,2727
6260,6,2727
6261,7,2727
6262,5,2728
6263,7,2728
6264,7,2729
6265,7,2730
6266,7,2731
6267,3,2732
6268,6,2732
6269,7,2732
6270,3,2733
6271,6,2733
6272,7,2733
6273,7,2734
6274,6,2735
6275,7,2735
6276,7,2736
6277,7,2737
6278,7,2738
6279,7,2739
6280,7,2740
6281,7,2741
6282,5,2742
6283,7,2742
6284,3,2743
6285,6,2743
6286,7,2743
6287,5,2744
6288,7,2744
6289,5,2745
6290,7,2745
6291,7,2746
6292,5,2747
6293,7,2747
6294,7,2748
6295,6,2749
6296,7,2749
6297,5,2750
6298,7,2750
6299,7,2751
6300,3,2752
6301,6,2752
6302,7,2752
6303,7,2753
6304,3,2754
6305,6,2754
6306,7,2754
6307,3,2755
6308,6,2755
6309,7,2755
6310,7,2756
6311,3,2757
6312,6,2757
6313,5,2757
6314,7,2757
6315,7,2758
6316,5,2759
6317,7,2759
6318,7,2760
6319,7,2761
6320,7,2762
6321,3,2763
6322,6,2763
6323,5,2763
6324,7,2763
6325,6,2764
6326,7,2764
6327,3,2765
6328,6,2765
6329,5,2765
6330,7,2765
6331,7,2766
6332,5,2767
6333,7,2767
6334,7,2768
6335,3,2769
6336,6,2769
6337,7,2769
6338,3,2770
6339,6,2770
6340,7,2770
6341,5,2771
6342,7,2771
6343,7,2772
6344,5,2773
6345,7,2773
6346,7,2774
6347,7,2775
6348,3,2776
6349,6,2776
6350,7,2776
6351,7,2777
6352,3,2778
6353,6,2778
6354,7,2778
6355,7,2779
6356,7,2780
6357,7,2781
6358,5,2782
6359,7,2782
6360,7,2783
6361,5,2783
6362,5,2784
6363,7,2784
6364,5,2785
6365,7,2785
6366,5,2786
6367,7,2786
6368,7,2787
6369,7,2788
6370,7,2789
6371,7,2790
6372,7,2791
6373,7,2792
6374,5,2792
6375,3,2793
6376,6,2793
6377,7,2793
6378,7,2794
6379,3,2795
6380,6,2795
6381,7,2795
6382,7,2796
6383,7,2797
6384,3,2797
6385,6,2797
6386,5,2797
6387,3,2798
6388,6,2798
6389,7,2798
6390,7,2799
6391,3,2799
6392,6,2799
6393,5,2799
6394,7,2800
6395,7,2801
6396,7,2802
6397,3,2802
6398,6,2802
6399,5,2802
6400,7,2803
6401,5,2803
6402,7,2804
6403,3,2804
6404,6,2804
6405,5,2804
6406,7,2805
6407,5,2805
6408,3,2806
6409,7,2806
6410,7,2807
6411,3,2807
6412,6,2807
6413,7,2808
6414,7,2809
6415,3,2809
6416,6,2809
6417,7,2810
6418,7,2811
6419,5,2811
6420,7,2812
6421,3,2812
6422,6,2812
6423,5,2812
6424,7,2813
6425,7,2814
6426,7,2815
6427,5,2815
6428,7,2816
6429,7,2817
6430,3,2817
6431,6,2817
6432,7,2818
6433,7,2819
6434,7,2820
6435,7,2821
6436,7,2822
6437,7,2823
6438,7,2824
6439,7,2825
6440,5,2825
6441,7,2826
6442,7,2827
6443,3,2827
6444,6,2827
6445,7,2828
6446,7,2829
6447,7,2830
6448,7,2831
6449,3,2831
6450,6,2831
6451,7,2832
6452,3,2832
6453,6,2832
6454,7,2833
6455,7,2834
6456,7,2835
6457,7,2836
6458,3,2836
6459,6,2836
6460,7,2837
6461,5,2837
6462,7,2838
6463,7,2839
6464,7,2840
6465,3,2840
6466,6,2840
6467,5,2840
6468,7,2841
6469,3,2841
6470,6,2841
6471,7,2842
6472,3,2842
6473,6,2842
6474,7,2843
6475,7,2844
6476,3,2844
6477,6,2844
6478,7,2845
6479,3,2845
6480,6,2845
6481,7,2846
6482,7,2847
6483,7,2848
6484,3,2848
6485,6,2848
6486,7,2849
6487,3,2849
6488,6,2849
6489,5,2850
6490,7,2850
6491,7,2851
6492,5,2851
6493,7,2852
6494,3,2852
6495,6,2852
6496,7,2853
6497,3,2853
6498,6,2853
6499,5,2853
6500,7,2854
6501,3,2854
6502,6,2854
6503,5,2854
6504,7,2855
6505,3,2855
6506,6,2855
6507,7,2856
6508,3,2856
6509,6,2856
6510,7,2857
6511,7,2858
6512,3,2858
6513,6,2858
6514,5,2858
6515,7,2859
6516,7,2860
6517,7,2861
6518,7,2862
6519,7,2863
6520,7,2864
6521,3,2864
6522,6,2864
6523,5,2864
6524,7,2865
6525,3,2865
6526,7,2866
6527,5,2866
6528,7,2867
6529,7,2868
6530,3,2868
6531,6,2868
6532,5,2869
6533,7,2869
6534,7,2870
6535,3,2870
6536,6,2870
6537,7,2871
6538,3,2871
6539,6,2871
6540,7,2872
6541,7,2873
6542,3,2873
6543,6,2873
6544,5,2873
6545,5,2874
6546,7,2874
6547,5,2875
6548,7,2875
6549,7,2876
6550,5,2877
6551,7,2877
6552,7,2878
6553,7,2879
6554,3,2879
6555,6,2879
6556,7,2880
6557,7,2881
6558,3,2881
6559,6,2881
6560,5,2881
6561,7,2882
6562,5,2882
6563,7,2883
6564,3,2883
6565,6,2883
6566,7,2884
6567,3,2884
6568,6,2884
6569,5,2884
6570,7,2885
6571,3,2885
6572,6,2885
6573,7,2886
6574,7,2887
6575,3,2887
6576,6,2887
6577,5,2887
6578,7,2888
6579,7,2889
6580,3,2889
6581,6,2889
6582,7,2890
6583,3,2890
6584,6,2890
6585,7,2891
6586,3,2891
6587,6,2891
6588,5,2891
6589,7,2892
6590,7,2893
6591,3,2893
6592,6,2893
6593,7,2894
6594,3,2894
6595,6,2894
6596,7,2895
6597,3,2895
6598,6,2895
6599,7,2896
6600,3,2896
6601,6,2896
6602,7,2897
6603,3,2897
6604,6,2897
6605,7,2898
6606,3,2898
6607,6,2898
6608,7,2899
6609,7,2900
6610,3,2900
6611,6,2900
6612,7,2901
6613,3,2901
6614,6,2901
6615,7,2902
6616,3,2902
6617,6,2902
6618,7,2903
6619,3,2903
6620,6,2903
6621,7,2904
6622,7,2905
6623,3,2905
6624,6,2905
6625,7,2906
6626,3,2906
6627,6,2906
6628,5,2906
6629,7,2907
6630,5,2907
6631,7,2908
6632,7,2909
6633,7,2910
6634,6,2910
6635,7,2911
6636,5,2911
6637,7,2912
6638,3,2912
6639,6,2912
6640,7,2913
6641,5,2913
6642,7,2914
6643,3,2914
6644,6,2914
6645,7,2915
6646,7,2916
6647,3,2916
6648,6,2916
6649,7,2917
6650,7,2918
6651,3,2918
6652,6,2918
6653,7,2919
6654,3,2919
6655,6,2919
6656,7,2920
6657,5,2920
6658,7,2921
6659,7,2922
6660,7,2923
6661,7,2924
6662,3,2924
6663,6,2924
6664,7,2925
6665,7,2926
6666,7,2927
6667,7,2928
6668,7,2929
6669,7,2930
6670,7,2931
6671,7,2932
6672,6,2932
6673,7,2933
6674,7,2934
6675,7,2935
6676,3,2935
6677,6,2935
6678,7,2936
6679,3,2936
6680,6,2936
6681,5,2936
6682,7,2937
6683,7,2938
6684,7,2939
6685,5,2939
6686,7,2940
6687,3,2940
6688,6,2940
6689,7,2941
6690,3,2941
6691,6,2941
6692,7,2942
6693,3,2942
6694,6,2942
6695,5,2942
6696,7,2943
6697,3,2943
6698,6,2943
6699,5,2943
6700,7,2944
6701,7,2945
6702,7,2946
6703,3,2946
6704,6,2946
6705,7,2947
6706,7,2948
6707,3,2948
6708,6,2948
6709,7,2949
6710,7,2950
6711,3,2950
6712,6,2950
6713,7,2951
6714,3,2951
6715,6,2951
6716,5,2951
6717,7,2952
6718,3,2952
6719,6,2952
6720,7,2953
6721,7,2954
6722,3,2954
6723,6,2954
6724,7,2955
6725,3,2955
6726,6,2955
6727,7,2956
6728,7,2957
6729,3,2957
6730,6,2957
6731,7,2958
6732,7,2959
6733,7,2960
6734,3,2960
6735,6,2960
6736,5,2960
6737,7,2961
6738,3,2961
6739,6,2961
6740,5,2961
6741,7,2962
6742,5,2962
6743,7,2963
6744,3,2963
6745,6,2963
6746,7,2964
6747,3,2964
6748,6,2964
6749,7,2965
6750,3,2965
6751,6,2965
6752,7,2966
6753,7,2967
6754,5,2967
6755,3,2967
6756,6,2967
6757,7,2968
6758,3,2968
6759,6,2968
6760,7,2969
6761,3,2969
6762,6,2969
6763,5,2969
6764,7,2970
6765,7,2971
6766,7,2972
6767,5,2972
6768,7,2973
6769,7,2974
6770,7,2975
6771,7,2976
6772,7,2977
6773,7,2978
6774,7,2979
6775,3,2979
6776,6,2979
6777,7,2980
6778,7,2981
6779,3,2981
6780,6,2981
6781,5,2981
6782,7,2982
6783,3,2982
6784,6,2982
6785,7,2983
6786,7,2984
6787,5,2984
6788,7,2985
6789,3,2985
6790,6,2985
6791,7,2986
6792,7,2987
6793,3,2987
6794,6,2987
6795,5,2987
6796,7,2988
6797,6,2988
6798,7,2989
6799,5,2989
6800,7,2990
6801,3,2990
6802,6,2990
6803,7,2991
6804,3,2991
6805,6,2991
6806,7,2992
6807,6,2992
6808,7,2993
6809,3,2993
6810,6,2993
6811,7,2994
6812,3,2994
6813,6,2994
6814,7,2995
6815,3,2995
6816,6,2995
6817,7,2996
6818,3,2996
6819,6,2996
6820,7,2997
6821,3,2997
6822,6,2997
6823,7,2998
6824,3,2998
6825,6,2998
6826,7,2999
6827,3,2999
6828,6,2999
6829,7,3000
6830,3,3000
6831,6,3000
6832,7,3001
6833,3,3001
6834,6,3001
6835,7,3002
6836,7,3003
6837,7,3004
6838,7,3005
6839,3,3005
6840,6,3005
6841,7,3006
6842,3,3006
6843,6,3006
6844,7,3007
6845,7,3008
6846,7,3009
6847,3,3009
6848,6,3009
6849,7,3010
6850,3,3010
6851,6,3010
6852,7,3011
6853,3,3011
6854,6,3011
6855,7,3012
6856,3,3012
6857,6,3012
6858,7,3013
6859,3,3013
6860,6,3013
6861,7,3014
6862,3,3014
6863,6,3014
6864,5,3015
6865,7,3015
6866,7,3016
6867,7,3017
6868,6,3017
6869,7,3018
6870,5,3019
6871,7,3019
6872,7,3020
6873,5,3021
6874,7,3021
6875,7,3022
6876,7,3023
6877,3,3023
6878,6,3023
6879,7,3024
6880,7,3025
6881,3,3025
6882,6,3025
6883,5,3025
6884,7,3026
6885,3,3026
6886,6,3026
6887,7,3027
6888,7,3028
6889,3,3028
6890,6,3028
6891,5,3028
6892,7,3029
6893,3,3029
6894,6,3029
6895,7,3030
6896,3,3030
6897,6,3030
6898,7,3031
6899,3,3031
6900,6,3031
6901,7,3032
6902,7,3033
6903,3,3033
6904,6,3033
6905,7,3034
6906,3,3034
6907,6,3034
6908,7,3035
6909,7,3036
6910,7,3037
6911,7,3038
6912,7,3039
6913,5,3039
6914,7,3040
6915,5,3040
6916,7,3041
6917,3,3041
6918,6,3041
6919,7,3042
6920,7,3043
6921,7,3044
6922,3,3044
6923,6,3044
6924,7,3045
6925,7,3046
6926,7,3047
6927,3,3047
6928,6,3047
6929,7,3048
6930,7,3049
6931,3,3049
6932,6,3049
6933,5,3049
6934,7,3050
6935,7,3051
6936,5,3051
6937,7,3052
6938,7,3053
6939,7,3054
6940,7,3055
6941,7,3056
6942,3,3056
6943,6,3056
6944,7,3057
6945,5,3057
6946,7,3058
6947,7,3059
6948,3,3059
6949,6,3059
6950,7,3060
6951,3,3061
6952,7,3061
6953,5,3061
6954,7,3062
6955,3,3063
6956,7,3063
6957,5,3063
6958,3,3064
6959,7,3064
6960,3,3065
6961,6,3065
6962,7,3065
6963,5,3065
6964,3,3066
6965,6,3066
6966,7,3066
6967,5,3066
6968,3,3067
6969,6,3067
6970,7,3067
6971,5,3067
6972,3,3068
6973,6,3068
6974,7,3068
6975,3,3069
6976,6,3069
6977,7,3069
6978,3,3070
6979,6,3070
6980,7,3070
6981,3,3071
6982,6,3071
6983,7,3071
6984,3,3072
6985,6,3072
6986,7,3072
6987,3,3073
6988,6,3073
6989,7,3073
6990,3,3074
6991,6,3074
6992,7,3074
6993,3,3075
6994,6,3075
6995,7,3075
6996,3,3076
6997,6,3076
6998,7,3076
6999,5,3076
7000,3,3077
7001,6,3077
7002,7,3077
7003,5,3077
7004,3,3078
7005,6,3078
7006,7,3078
7007,5,3078
7008,3,3079
7009,6,3079
7010,7,3079
7011,3,3080
7012,6,3080
7013,7,3080
7014,5,3080
7015,3,3081
7016,6,3081
7017,7,3081
7018,3,3082
7019,6,3082
7020,7,3082
7021,3,3083
7022,6,3083
7023,7,3083
7024,5,3083
7025,3,3084
7026,6,3084
7027,7,3084
7028,3,3085
7029,6,3085
7030,7,3085
7031,3,3086
7032,6,3086
7033,7,3086
7034,3,3087
7035,6,3087
7036,7,3087
7037,5,3087
7038,3,3088
7039,6,3088
7040,7,3088
7041,3,3089
7042,6,3089
7043,7,3089
7044,5,3089
7045,3,3090
7046,6,3090
7047,7,3090
7048,5,3090
7049,3,3091
7050,6,3091
7051,7,3091
7052,5,3091
7053,3,3092
7054,6,3092
7055,7,3092
7056,5,3092
7057,3,3093
7058,6,3093
7059,7,3093
7060,3,3094
7061,6,3094
7062,7,3094
7063,5,3094
7064,3,3095
7065,6,3095
7066,7,3095
7067,5,3095
7068,3,3096
7069,6,3096
7070,7,3096
7071,5,3096
7072,3,3097
7073,6,3097
7074,7,3097
7075,3,3098
7076,6,3098
7077,7,3098
7078,3,3099
7079,6,3099
7080,7,3099
7081,5,3099
7082,3,3100
7083,6,3100
7084,7,3100
7085,3,3101
7086,6,3101
7087,7,3101
7088,3,3102
7089,6,3102
7090,7,3102
7091,3,3103
7092,6,3103
7093,7,3103
7094,5,3103
7095,3,3104
7096,6,3104
7097,7,3104
7098,5,3104
